{"stats":{"minecraft:custom":{"minecraft:jump":63,"minecraft:time_since_rest":30619,"minecraft:crouch_one_cm":1041,"minecraft:play_one_minute":30619,"minecraft:leave_game":5,"minecraft:sprint_one_cm":13882,"minecraft:time_since_death":30619,"minecraft:walk_one_cm":31097,"minecraft:sneak_time":1900,"minecraft:climb_one_cm":40,"minecraft:fly_one_cm":548232},"minecraft:picked_up":{"minecraft:sand":3,"minecraft:spruce_door":4,"minecraft:egg":1},"minecraft:used":{"minecraft:spruce_slab":1,"minecraft:oak_log":1,"minecraft:cobblestone":7,"minecraft:spruce_fence":10,"minecraft:bow":14,"minecraft:bone_meal":111,"minecraft:stone_bricks":80,"minecraft:grass_block":91}},"DataVersion":2580}