{"stats":{"minecraft:killed":{"minecraft:skeleton":1,"minecraft:zombie":4,"minecraft:spider":1,"born_in_chaos_v1:corpse_fish":1,"born_in_chaos_v1:maggot":1},"minecraft:picked_up":{"minecraft:jungle_boat":4,"chococraft:loverly_gysahl_green":1,"minecraft:crafting_table":4,"born_in_chaos_v1:river_mint":3,"minecraft:jungle_log":10,"minecraft:torch":1,"minecraft:gravel":46,"minecraft:jungle_planks":4,"minecraft:flint":7,"minecraft:sand":2,"chococraft:gysahl_green_seeds":7,"minecraft:string":1,"minecraft:stone_sword":1,"minecraft:arrow":1,"chococraft:gysahl_green":19,"minecraft:hay_block":14,"justenoughdrugz:weed_seed":2,"minecraft:jungle_sapling":1,"minecraft:coal":41,"minecraft:cobblestone":172},"minecraft:custom":{"minecraft:time_since_rest":31714,"minecraft:sprint_one_cm":63539,"minecraft:damage_taken":630,"minecraft:walk_one_cm":112459,"minecraft:mob_kills":8,"minecraft:drop":1,"minecraft:damage_dealt":1319,"minecraft:interact_with_crafting_table":8,"minecraft:fly_one_cm":27053,"minecraft:open_chest":6,"minecraft:crouch_one_cm":131,"minecraft:play_time":31714,"minecraft:sneak_time":15,"minecraft:walk_under_water_one_cm":361,"minecraft:boat_one_cm":59220,"minecraft:jump":247,"minecraft:time_since_death":31714,"minecraft:walk_on_water_one_cm":10412,"minecraft:total_world_time":31714,"minecraft:fall_one_cm":5506},"minecraft:broken":{"minecraft:stone_pickaxe":1,"minecraft:wooden_pickaxe":1},"minecraft:crafted":{"minecraft:wooden_sword":1,"minecraft:wooden_shovel":1,"minecraft:crafting_table":1,"minecraft:stick":20,"minecraft:jungle_boat":1,"minecraft:wooden_pickaxe":1,"minecraft:stone_pickaxe":2,"minecraft:wooden_axe":1,"minecraft:chest":1,"minecraft:torch":32,"minecraft:bread":27,"minecraft:jungle_planks":40,"minecraft:wheat":81},"minecraft:dropped":{"minecraft:gravel":10},"minecraft:mined":{"minecraft:hay_block":15,"born_in_chaos_v1:river_mint":3,"minecraft:crafting_table":4,"minecraft:grass":3,"minecraft:coal_ore":41,"chococraft:gysahl_green":7,"minecraft:vine":1,"minecraft:jungle_log":10,"minecraft:gravel":43,"minecraft:sand":2,"minecraft:stone":172,"minecraft:wall_torch":1},"minecraft:used":{"minecraft:wooden_axe":10,"minecraft:stone_sword":24,"minecraft:bread":11,"minecraft:stone_pickaxe":154,"minecraft:chest":1,"minecraft:wooden_pickaxe":60,"minecraft:wooden_shovel":43,"minecraft:jungle_boat":4,"minecraft:torch":4,"minecraft:wooden_sword":11,"minecraft:sand":14,"minecraft:crafting_table":5}},"DataVersion":3465}