{"stats":{"minecraft:mined":{"minecraft:white_bed":2,"minecraft:cobblestone_stairs":1,"minecraft:jungle_leaves":59,"minecraft:granite":8,"minecraft:grass_block":21,"minecraft:jungle_planks":6,"minecraft:jungle_log":157,"minecraft:hay_block":15,"minecraft:jungle_sapling":3,"minecraft:iron_ore":71,"minecraft:andesite":13,"chococraft:gysahl_green":7,"minecraft:vine":4,"regions_unexplored:medium_grass":2,"minecraft:stone":447,"regions_unexplored:windswept_grass":2,"minecraft:jungle_fence_gate":2,"minecraft:dandelion":2,"minecraft:crafting_table":7,"minecraft:torch":2,"minecraft:chest":1,"minecraft:copper_ore":5,"minecraft:cobblestone":11,"minecraft:lapis_ore":4,"minecraft:diorite":4,"minecraft:wall_torch":10,"minecraft:wheat":14,"born_in_chaos_v1:river_mint":4,"minecraft:grass":19,"minecraft:coal_ore":130,"minecraft:gravel":113,"minecraft:sand":2,"minecraft:dirt":5},"minecraft:used":{"minecraft:stone_sword":39,"minecraft:iron_shovel":53,"minecraft:stone_shovel":7,"minecraft:chest":9,"minecraft:shield":3,"minecraft:iron_sword":95,"minecraft:wooden_shovel":59,"minecraft:stone_hoe":99,"minecraft:torch":74,"minecraft:dirt":21,"minecraft:anvil":1,"minecraft:jungle_planks":79,"minecraft:granite":8,"minecraft:jungle_sapling":9,"minecraft:wooden_axe":32,"minecraft:jungle_fence_gate":4,"minecraft:iron_axe":21,"minecraft:jungle_log":27,"minecraft:furnace":1,"minecraft:beetroot_seeds":7,"minecraft:egg":1,"minecraft:wheat_seeds":43,"minecraft:water_bucket":8,"minecraft:diorite":3,"minecraft:cobblestone_stairs":5,"minecraft:stone_pickaxe":522,"minecraft:wooden_pickaxe":60,"minecraft:jungle_boat":4,"minecraft:sand":14,"minecraft:crafting_table":8,"minecraft:white_bed":3,"minecraft:bread":23,"minecraft:iron_pickaxe":114,"minecraft:stone_axe":131,"minecraft:wooden_sword":11,"minecraft:cobblestone":111,"minecraft:cooked_porkchop":1,"justenoughdrugz:weed_seed":7,"minecraft:jungle_door":4,"minecraft:bucket":9,"minecraft:bone_meal":42},"minecraft:crafted":{"minecraft:jungle_button":9,"minecraft:wooden_sword":1,"minecraft:jungle_fence_gate":2,"minecraft:stone_shovel":1,"minecraft:furnace":1,"minecraft:cobblestone_stairs":4,"minecraft:bone_meal":42,"minecraft:heavy_weighted_pressure_plate":1,"minecraft:iron_boots":1,"minecraft:iron_axe":1,"minecraft:stone_pickaxe":5,"minecraft:chest":8,"minecraft:stone_hoe":1,"minecraft:wheat":126,"minecraft:wooden_shovel":1,"minecraft:cooked_porkchop":4,"minecraft:crafting_table":3,"minecraft:jungle_boat":1,"minecraft:wooden_pickaxe":1,"minecraft:iron_helmet":1,"minecraft:iron_sword":1,"minecraft:bucket":1,"minecraft:stone_axe":1,"minecraft:bread":46,"minecraft:air":0,"minecraft:jungle_planks":252,"minecraft:jungle_door":3,"minecraft:iron_chestplate":1,"minecraft:shield":1,"minecraft:stick":104,"minecraft:iron_ingot":71,"minecraft:iron_pickaxe":1,"minecraft:wooden_axe":1,"minecraft:iron_block":3,"minecraft:iron_shovel":1,"minecraft:iron_leggings":1,"minecraft:anvil":1,"minecraft:torch":228},"minecraft:custom":{"minecraft:mob_kills":34,"minecraft:interact_with_anvil":4,"minecraft:interact_with_crafting_table":50,"minecraft:damage_dealt_resisted":1060,"minecraft:leave_game":2,"minecraft:time_since_death":142232,"minecraft:climb_one_cm":2398,"minecraft:sprint_one_cm":186052,"minecraft:walk_one_cm":627214,"minecraft:damage_blocked_by_shield":90,"minecraft:drop":2,"minecraft:play_time":142232,"minecraft:sneak_time":414,"minecraft:walk_under_water_one_cm":4015,"minecraft:boat_one_cm":59220,"minecraft:jump":1124,"minecraft:walk_on_water_one_cm":19793,"minecraft:total_world_time":142232,"minecraft:interact_with_furnace":22,"minecraft:sleep_in_bed":7,"minecraft:time_since_rest":8117,"minecraft:damage_taken":1077,"minecraft:damage_dealt":5126,"minecraft:fly_one_cm":71799,"minecraft:open_chest":60,"minecraft:crouch_one_cm":364,"minecraft:fall_one_cm":16879,"minecraft:horse_one_cm":611655},"minecraft:dropped":{"minecraft:iron_sword":1,"minecraft:gravel":10},"minecraft:broken":{"minecraft:wooden_shovel":1,"minecraft:wooden_pickaxe":1,"minecraft:stone_pickaxe":3,"minecraft:stone_axe":1},"minecraft:killed":{"born_in_chaos_v1:door_knight_not_despawn":1,"minecraft:spider":1,"born_in_chaos_v1:maggot":6,"minecraft:skeleton":2,"born_in_chaos_v1:corpse_fish":1,"minecraft:pig":3,"minecraft:sheep":1,"minecraft:zombie":18,"born_in_chaos_v1:nightmare_stalker":1},"minecraft:picked_up":{"chococraft:loverly_gysahl_green":2,"minecraft:crafting_table":7,"minecraft:wheat":14,"born_in_chaos_v1:river_mint":7,"minecraft:enchanted_book":2,"minecraft:string":28,"minecraft:raw_copper":18,"minecraft:wooden_sword":1,"justenoughdrugz:weed_seed":9,"minecraft:jungle_sapling":10,"minecraft:chest":1,"minecraft:egg":5,"minecraft:stick":2,"minecraft:raw_iron":71,"minecraft:jungle_door":2,"minecraft:torch":14,"minecraft:porkchop":4,"minecraft:jungle_fence_gate":2,"minecraft:diorite":4,"minecraft:stone_sword":1,"minecraft:rotten_flesh":24,"minecraft:arrow":4,"minecraft:hay_block":19,"minecraft:saddle":1,"minecraft:mutton":2,"minecraft:white_wool":1,"minecraft:cobblestone":589,"born_in_chaos_v1:corpse_maggot":1,"minecraft:jungle_boat":5,"minecraft:jungle_log":157,"minecraft:andesite":13,"minecraft:flint":16,"minecraft:cobblestone_stairs":1,"minecraft:gunpowder":19,"mca:book_romance":1,"travelersbackpack:gold_tier_upgrade":1,"minecraft:lapis_lazuli":27,"minecraft:dirt":26,"born_in_chaos_v1:monster_skin":2,"born_in_chaos_v1:marigolds":1,"minecraft:bone":12,"chococraft:gysahl_green":38,"minecraft:wheat_seeds":45,"minecraft:iron_ingot":3,"minecraft:iron_sword":1,"minecraft:dandelion":2,"minecraft:gravel":119,"minecraft:jungle_planks":14,"minecraft:sand":4,"chococraft:gysahl_green_seeds":14,"minecraft:white_bed":3,"minecraft:spider_eye":2,"minecraft:granite":8,"minecraft:golden_apple":1,"minecraft:golden_horse_armor":1,"minecraft:coal":130}},"DataVersion":3465}