{"stats":{"minecraft:killed":{"minecraft:zombie":1,"born_in_chaos_v1:maggot":1},"minecraft:picked_up":{"minecraft:jungle_boat":1,"chococraft:loverly_gysahl_green":1,"minecraft:crafting_table":3,"born_in_chaos_v1:river_mint":3,"minecraft:jungle_log":10,"minecraft:sand":2,"chococraft:gysahl_green_seeds":7,"chococraft:gysahl_green":19,"minecraft:hay_block":14,"justenoughdrugz:weed_seed":1,"minecraft:jungle_sapling":1},"minecraft:custom":{"minecraft:time_since_rest":13714,"minecraft:sprint_one_cm":37368,"minecraft:damage_taken":160,"minecraft:walk_one_cm":29872,"minecraft:mob_kills":2,"minecraft:damage_dealt":259,"minecraft:interact_with_crafting_table":5,"minecraft:fly_one_cm":15952,"minecraft:open_chest":4,"minecraft:crouch_one_cm":112,"minecraft:play_time":13714,"minecraft:sneak_time":14,"minecraft:walk_under_water_one_cm":361,"minecraft:boat_one_cm":40680,"minecraft:jump":110,"minecraft:time_since_death":13714,"minecraft:walk_on_water_one_cm":7034,"minecraft:total_world_time":13714,"minecraft:fall_one_cm":3352},"minecraft:crafted":{"minecraft:wooden_sword":1,"minecraft:wooden_shovel":1,"minecraft:crafting_table":1,"minecraft:stick":8,"minecraft:jungle_boat":1,"minecraft:wooden_pickaxe":1,"minecraft:wooden_axe":1,"minecraft:bread":27,"minecraft:jungle_planks":40,"minecraft:wheat":81},"minecraft:mined":{"minecraft:hay_block":15,"born_in_chaos_v1:river_mint":3,"minecraft:crafting_table":3,"minecraft:grass":3,"chococraft:gysahl_green":7,"minecraft:vine":1,"minecraft:jungle_log":10,"minecraft:sand":2},"minecraft:used":{"minecraft:wooden_axe":4,"minecraft:bread":4,"minecraft:jungle_boat":1,"minecraft:wooden_sword":11,"minecraft:sand":14,"minecraft:crafting_table":3}},"DataVersion":3465}