{"stats":{"minecraft:killed":{"minecraft:pig":3,"minecraft:spider":1,"born_in_chaos_v1:maggot":6,"minecraft:skeleton":1,"minecraft:zombie":18,"born_in_chaos_v1:nightmare_stalker":1,"born_in_chaos_v1:corpse_fish":1},"minecraft:custom":{"minecraft:interact_with_furnace":20,"minecraft:interact_with_anvil":2,"minecraft:mob_kills":31,"minecraft:interact_with_crafting_table":44,"minecraft:damage_dealt_resisted":40,"minecraft:time_since_death":103714,"minecraft:sleep_in_bed":5,"minecraft:climb_one_cm":2398,"minecraft:time_since_rest":5145,"minecraft:sprint_one_cm":145141,"minecraft:damage_taken":894,"minecraft:walk_one_cm":426409,"minecraft:drop":1,"minecraft:damage_dealt":4491,"minecraft:fly_one_cm":56355,"minecraft:open_chest":41,"minecraft:crouch_one_cm":231,"minecraft:play_time":103714,"minecraft:sneak_time":114,"minecraft:walk_under_water_one_cm":4015,"minecraft:boat_one_cm":59220,"minecraft:jump":822,"minecraft:walk_on_water_one_cm":19601,"minecraft:total_world_time":103714,"minecraft:fall_one_cm":11869,"minecraft:horse_one_cm":277456},"minecraft:picked_up":{"born_in_chaos_v1:corpse_maggot":1,"minecraft:crafting_table":7,"chococraft:loverly_gysahl_green":2,"minecraft:jungle_boat":5,"born_in_chaos_v1:river_mint":7,"minecraft:andesite":13,"minecraft:jungle_log":138,"minecraft:enchanted_book":2,"minecraft:flint":11,"minecraft:gunpowder":19,"mca:book_romance":1,"travelersbackpack:gold_tier_upgrade":1,"minecraft:dirt":5,"minecraft:string":28,"minecraft:wooden_sword":1,"born_in_chaos_v1:monster_skin":2,"minecraft:bone":12,"chococraft:gysahl_green":38,"minecraft:iron_ingot":1,"justenoughdrugz:weed_seed":9,"minecraft:jungle_sapling":3,"minecraft:chest":1,"minecraft:egg":4,"minecraft:raw_iron":71,"minecraft:jungle_door":2,"minecraft:torch":5,"minecraft:gravel":70,"minecraft:sand":4,"minecraft:porkchop":4,"minecraft:jungle_planks":14,"chococraft:gysahl_green_seeds":14,"minecraft:jungle_fence_gate":2,"minecraft:diorite":4,"minecraft:white_bed":3,"minecraft:spider_eye":2,"minecraft:rotten_flesh":21,"minecraft:stone_sword":1,"minecraft:arrow":2,"minecraft:hay_block":19,"minecraft:granite":8,"minecraft:golden_apple":1,"minecraft:saddle":1,"minecraft:golden_horse_armor":1,"minecraft:coal":130,"minecraft:cobblestone":510},"minecraft:broken":{"minecraft:stone_pickaxe":3,"minecraft:wooden_shovel":1,"minecraft:stone_axe":1,"minecraft:wooden_pickaxe":1},"minecraft:crafted":{"minecraft:jungle_button":9,"minecraft:wooden_sword":1,"minecraft:jungle_fence_gate":2,"minecraft:wooden_shovel":1,"minecraft:stone_shovel":1,"minecraft:cooked_porkchop":4,"minecraft:crafting_table":3,"minecraft:jungle_boat":1,"minecraft:iron_helmet":1,"minecraft:wooden_pickaxe":1,"minecraft:iron_sword":1,"minecraft:furnace":1,"minecraft:bucket":1,"minecraft:stone_axe":1,"minecraft:heavy_weighted_pressure_plate":1,"minecraft:bread":27,"minecraft:air":0,"minecraft:jungle_planks":248,"minecraft:jungle_door":3,"minecraft:iron_boots":1,"minecraft:iron_chestplate":1,"minecraft:shield":1,"minecraft:iron_axe":1,"minecraft:stick":104,"minecraft:anvil":1,"minecraft:iron_block":3,"minecraft:iron_ingot":71,"minecraft:iron_pickaxe":1,"minecraft:stone_pickaxe":4,"minecraft:wooden_axe":1,"minecraft:iron_shovel":1,"minecraft:iron_leggings":1,"minecraft:chest":8,"minecraft:torch":228,"minecraft:wheat":81},"minecraft:dropped":{"minecraft:gravel":10},"minecraft:mined":{"minecraft:white_bed":2,"minecraft:jungle_leaves":13,"minecraft:crafting_table":7,"minecraft:torch":1,"minecraft:granite":8,"minecraft:grass_block":3,"minecraft:jungle_planks":6,"minecraft:chest":1,"minecraft:jungle_log":138,"minecraft:cobblestone":8,"minecraft:diorite":4,"minecraft:wall_torch":3,"minecraft:hay_block":15,"minecraft:iron_ore":71,"minecraft:andesite":13,"born_in_chaos_v1:river_mint":4,"minecraft:grass":6,"chococraft:gysahl_green":7,"minecraft:coal_ore":130,"minecraft:vine":4,"minecraft:dirt":2,"minecraft:gravel":71,"minecraft:sand":2,"minecraft:stone":379,"minecraft:jungle_fence_gate":2},"minecraft:used":{"minecraft:diorite":3,"minecraft:stone_sword":39,"minecraft:stone_shovel":7,"minecraft:stone_pickaxe":522,"minecraft:chest":9,"minecraft:wooden_pickaxe":60,"minecraft:iron_sword":57,"minecraft:wooden_shovel":59,"minecraft:jungle_boat":4,"minecraft:torch":61,"minecraft:anvil":1,"minecraft:dirt":5,"minecraft:sand":14,"minecraft:crafting_table":8,"minecraft:jungle_planks":78,"minecraft:white_bed":3,"minecraft:granite":8,"minecraft:wooden_axe":32,"minecraft:iron_axe":2,"minecraft:jungle_fence_gate":4,"minecraft:iron_pickaxe":33,"minecraft:bread":19,"minecraft:jungle_log":12,"minecraft:stone_axe":131,"minecraft:wooden_sword":11,"minecraft:cobblestone":92,"minecraft:furnace":1,"minecraft:jungle_door":4,"minecraft:egg":1}},"DataVersion":3465}