{"stats":{"minecraft:mined":{"minecraft:white_bed":3,"minecraft:farmland":1,"minecraft:cobblestone_stairs":3,"minecraft:jungle_leaves":65,"minecraft:obsidian":4,"minecraft:granite":17,"minecraft:grass_block":122,"born_in_chaos_v1:dark_metal_deposit":2,"minecraft:jungle_log":239,"minecraft:oxeye_daisy":1,"minecraft:iron_ore":250,"minecraft:cobbled_deepslate":5,"minecraft:deepslate_lapis_ore":28,"chococraft:gysahl_green":7,"justenoughdrugz:coca_plant":13,"justenoughdrugz:red_phosphorus_block":87,"minecraft:deepslate_redstone_ore":14,"minecraft:jungle_door":3,"born_in_chaos_v1:infected_deepslate_diamond_ore":2,"minecraft:torch":10,"minecraft:poppy":21,"minecraft:chest":1,"minecraft:cobblestone":30,"minecraft:sugar_cane":50,"minecraft:oak_planks":1,"minecraft:iron_door":1,"minecraft:wall_torch":18,"minecraft:wheat":297,"born_in_chaos_v1:river_mint":4,"minecraft:grass":130,"minecraft:beetroots":88,"minecraft:sand":23,"minecraft:dirt":48,"minecraft:deepslate":260,"minecraft:tuff":9,"minecraft:deepslate_diamond_ore":6,"born_in_chaos_v1:infected_diamond_ore":2,"minecraft:jungle_planks":9,"minecraft:hay_block":15,"minecraft:furnace":1,"minecraft:carrots":22,"minecraft:jungle_sapling":3,"justenoughdrugz:oil_ore":76,"minecraft:andesite":21,"minecraft:potatoes":47,"minecraft:deepslate_iron_ore":91,"minecraft:vine":12,"regions_unexplored:medium_grass":2,"minecraft:stone":654,"regions_unexplored:windswept_grass":7,"minecraft:jungle_fence_gate":2,"minecraft:smithing_table":1,"born_in_chaos_v1:marigolds":1,"justenoughdrugz:weed_plant":38,"minecraft:dandelion":8,"minecraft:oak_fence":6,"minecraft:crafting_table":8,"minecraft:tall_grass":26,"minecraft:copper_ore":11,"minecraft:lapis_ore":18,"minecraft:deepslate_gold_ore":17,"minecraft:diorite":8,"minecraft:sweet_berry_bush":3,"minecraft:coal_ore":263,"minecraft:gravel":178,"minecraft:cobweb":27,"minecraft:gold_ore":2,"minecraft:fern":1},"minecraft:crafted":{"minecraft:jungle_button":9,"minecraft:oak_planks":12,"minecraft:jungle_fence_gate":2,"justenoughdrugz:blunt":15,"minecraft:barrel":9,"minecraft:oak_pressure_plate":1,"minecraft:stone":9,"minecraft:cobblestone_stairs":4,"securitycraft:keypad_item":2,"minecraft:heavy_weighted_pressure_plate":2,"minecraft:cooked_mutton":3,"securitycraft:laser_block":1,"minecraft:glass":8,"minecraft:bow":2,"minecraft:iron_boots":1,"justenoughdrugz:refined_oil":18,"minecraft:chest":8,"minecraft:iron_door":3,"minecraft:stone_hoe":4,"minecraft:smoker":1,"minecraft:item_frame":1,"minecraft:wooden_shovel":1,"justenoughdrugz:heroin_syringe":19,"minecraft:cooked_porkchop":4,"minecraft:crafting_table":4,"minecraft:jungle_boat":1,"securitycraft:reinforced_stone_button":16,"minecraft:iron_helmet":2,"minecraft:wooden_pickaxe":1,"minecraft:jungle_pressure_plate":1,"minecraft:smithing_table":1,"minecraft:iron_chestplate":1,"minecraft:paper":42,"minecraft:diamond_pickaxe":1,"minecraft:shield":2,"minecraft:stick":292,"minecraft:iron_ingot":318,"justenoughdrugz:empty_syringe":9,"minecraft:iron_pickaxe":4,"minecraft:iron_block":3,"minecraft:gold_ingot":19,"securitycraft:universal_block_reinforcer_lvl1":1,"minecraft:wooden_sword":1,"minecraft:stone_shovel":1,"minecraft:iron_nugget":9,"minecraft:furnace":3,"minecraft:bone_meal":87,"justenoughdrugz:dried_coca":3,"minecraft:glass_pane":16,"minecraft:iron_axe":1,"minecraft:stone_pickaxe":5,"minecraft:redstone_block":1,"minecraft:wheat":126,"justenoughdrugz:gasoline":18,"minecraft:iron_sword":4,"minecraft:bucket":1,"minecraft:stone_axe":1,"minecraft:jungle_slab":96,"minecraft:jungle_planks":528,"minecraft:bread":134,"minecraft:air":0,"securitycraft:reinforced_stone":9,"minecraft:jungle_door":3,"minecraft:wooden_axe":1,"minecraft:iron_shovel":2,"minecraft:iron_leggings":1,"minecraft:anvil":1,"minecraft:torch":504},"minecraft:picked_up":{"minecraft:seagrass":1,"chococraft:loverly_gysahl_green":2,"minecraft:wheat":275,"securitycraft:keypad_item":8,"justenoughdrugz:coca_seeds":30,"minecraft:smithing_table":1,"minecraft:enchanted_book":2,"justenoughdrugz:red_phosphorus":263,"minecraft:string":71,"minecraft:raw_copper":38,"minecraft:beetroot":85,"minecraft:cobbled_deepslate":283,"minecraft:furnace":1,"minecraft:stick":7,"justenoughdrugz:weed":38,"born_in_chaos_v1:shattered_skull":1,"minecraft:jungle_door":5,"minecraft:oak_fence":6,"minecraft:torch":43,"minecraft:porkchop":4,"minecraft:diorite":8,"minecraft:stone_sword":1,"minecraft:rotten_flesh":76,"minecraft:obsidian":4,"minecraft:cobblestone":828,"minecraft:birch_log":1,"minecraft:iron_door":1,"minecraft:andesite":25,"minecraft:jungle_log":239,"minecraft:potato":83,"minecraft:flint":28,"minecraft:tuff":11,"travelersbackpack:gold_tier_upgrade":1,"minecraft:lapis_lazuli":336,"minecraft:dirt":207,"minecraft:name_tag":2,"born_in_chaos_v1:monster_skin":3,"born_in_chaos_v1:marigolds":2,"minecraft:bone":51,"minecraft:bow":1,"minecraft:wheat_seeds":806,"minecraft:raw_gold":20,"minecraft:bamboo":4,"minecraft:oak_planks":1,"minecraft:jungle_planks":17,"minecraft:sand":39,"minecraft:ink_sac":2,"securitycraft:reinforced_stone":7,"minecraft:diamond":6,"minecraft:granite":17,"minecraft:bone_meal":1,"minecraft:golden_apple":1,"minecraft:golden_horse_armor":1,"born_in_chaos_v1:rotten_fish":2,"born_in_chaos_v1:diamond_termite_shard":8,"minecraft:crafting_table":8,"born_in_chaos_v1:river_mint":7,"minecraft:chest_minecart":1,"minecraft:chain":2,"justenoughdrugz:coca":12,"minecraft:iron_axe":1,"minecraft:wooden_sword":1,"born_in_chaos_v1:intoxicating_decoction":2,"minecraft:item_frame":5,"minecraft:detector_rail":3,"minecraft:beef":5,"born_in_chaos_v1:gnawed_bones":1,"justenoughdrugz:weed_seed":121,"minecraft:jungle_sapling":10,"minecraft:poppy":21,"regions_unexplored:redwood_planks":1,"minecraft:sugar_cane":71,"minecraft:chest":1,"minecraft:egg":7,"minecraft:raw_iron":339,"securitycraft:reinforced_cobblestone":9,"minecraft:jungle_fence_gate":2,"born_in_chaos_v1:pieceofdarkmetal":4,"minecraft:carrot":42,"minecraft:redstone":74,"minecraft:arrow":29,"minecraft:beetroot_seeds":256,"minecraft:hay_block":19,"minecraft:saddle":1,"minecraft:mutton":3,"minecraft:white_wool":2,"minecraft:rail":4,"minecraft:oxeye_daisy":1,"born_in_chaos_v1:fused_bone":1,"born_in_chaos_v1:corpse_maggot":13,"minecraft:jungle_boat":5,"born_in_chaos_v1:monster_flesh":1,"minecraft:glow_ink_sac":3,"minecraft:leather":1,"minecraft:oak_log":3,"minecraft:gunpowder":22,"minecraft:cobblestone_stairs":3,"mca:book_romance":1,"chococraft:chocobo_feather":1,"chococraft:gysahl_green":38,"minecraft:iron_ingot":7,"minecraft:iron_sword":4,"minecraft:sweet_berries":42,"born_in_chaos_v1:ethereal_spirit":1,"minecraft:dandelion":7,"minecraft:dripstone_block":1,"minecraft:gravel":183,"justenoughdrugz:unrefined_oil":75,"born_in_chaos_v1:dark_rod":1,"chococraft:gysahl_green_seeds":14,"minecraft:white_bed":4,"minecraft:spider_eye":5,"travelersbackpack:standard":1,"minecraft:pumpkin_seeds":3,"minecraft:coal":288},"minecraft:dropped":{"minecraft:iron_sword":4,"minecraft:flint":6,"minecraft:wooden_sword":1,"minecraft:bone_meal":1,"minecraft:bone":7,"minecraft:gravel":10,"minecraft:wheat":1,"born_in_chaos_v1:marigolds":1,"minecraft:iron_ingot":27,"minecraft:iron_axe":1,"minecraft:raw_iron":21,"minecraft:name_tag":1,"minecraft:pumpkin_seeds":1},"minecraft:used":{"minecraft:beetroot":15,"minecraft:iron_shovel":246,"minecraft:poppy":1,"minecraft:chest":9,"minecraft:shield":91,"minecraft:stone":2,"minecraft:iron_sword":689,"securitycraft:keypad_item":6,"minecraft:jungle_planks":84,"minecraft:jungle_sapling":9,"minecraft:jungle_fence_gate":4,"minecraft:item_frame":6,"minecraft:bow":9,"minecraft:sweet_berries":34,"minecraft:furnace":3,"minecraft:beetroot_seeds":117,"minecraft:egg":1,"minecraft:potato":103,"justenoughdrugz:coca_seeds":30,"minecraft:diorite":3,"minecraft:stone_pickaxe":653,"minecraft:oak_planks":1,"minecraft:wooden_pickaxe":60,"minecraft:jungle_pressure_plate":1,"minecraft:sugar_cane":16,"minecraft:jungle_boat":4,"minecraft:sand":28,"minecraft:bread":94,"minecraft:oak_pressure_plate":1,"minecraft:iron_door":3,"minecraft:gravel":21,"minecraft:wooden_sword":17,"minecraft:smithing_table":2,"justenoughdrugz:weed_seed":47,"minecraft:bone_meal":87,"minecraft:stone_sword":39,"minecraft:stone_shovel":7,"minecraft:wooden_shovel":59,"minecraft:stone_hoe":297,"minecraft:torch":360,"minecraft:dirt":74,"minecraft:anvil":1,"minecraft:granite":8,"minecraft:wooden_axe":32,"minecraft:iron_axe":132,"minecraft:jungle_log":39,"minecraft:barrel":9,"minecraft:cobbled_deepslate":16,"minecraft:wheat_seeds":418,"minecraft:cooked_mutton":3,"minecraft:water_bucket":91,"minecraft:cobblestone_stairs":6,"minecraft:crafting_table":9,"minecraft:white_bed":4,"minecraft:smoker":1,"minecraft:diamond_pickaxe":9,"minecraft:iron_pickaxe":1162,"minecraft:stone_axe":131,"minecraft:cobblestone":230,"travelersbackpack:standard":18,"minecraft:cooked_porkchop":4,"minecraft:jungle_door":5,"minecraft:bucket":92},"minecraft:custom":{"minecraft:interact_with_crafting_table":134,"minecraft:open_barrel":25,"minecraft:bell_ring":1,"minecraft:leave_game":7,"minecraft:time_since_death":92597,"minecraft:sprint_one_cm":746046,"minecraft:damage_blocked_by_shield":2960,"minecraft:drop":18,"minecraft:play_time":616453,"minecraft:deaths":3,"minecraft:jump":5589,"minecraft:walk_on_water_one_cm":100897,"minecraft:interact_with_furnace":103,"minecraft:sleep_in_bed":10,"minecraft:damage_dealt":33261,"minecraft:crouch_one_cm":3158,"minecraft:interact_with_smoker":3,"minecraft:horse_one_cm":4466108,"minecraft:interact_with_smithing_table":4,"minecraft:mob_kills":188,"minecraft:interact_with_anvil":10,"minecraft:damage_dealt_resisted":2389,"minecraft:climb_one_cm":3855,"minecraft:walk_one_cm":2895146,"minecraft:sneak_time":2871,"minecraft:walk_under_water_one_cm":39422,"minecraft:boat_one_cm":59220,"minecraft:total_world_time":616453,"minecraft:time_since_rest":92623,"minecraft:damage_taken":5609,"minecraft:swim_one_cm":19,"minecraft:fly_one_cm":318779,"minecraft:open_chest":290,"minecraft:fall_one_cm":110806},"minecraft:broken":{"minecraft:wooden_shovel":1,"minecraft:iron_boots":1,"minecraft:stone_pickaxe":4,"minecraft:stone_axe":1,"minecraft:iron_sword":1,"minecraft:stone_hoe":1,"minecraft:wooden_pickaxe":1,"minecraft:shield":1,"minecraft:iron_pickaxe":4,"minecraft:iron_helmet":1},"minecraft:killed":{"born_in_chaos_v1:zombie_clown":1,"minecraft:witch":1,"born_in_chaos_v1:restless_spirit":1,"born_in_chaos_v1:zombie_lumberjack":2,"born_in_chaos_v1:skeleton_demoman":1,"born_in_chaos_v1:door_knight_not_despawn":1,"minecraft:spider":12,"born_in_chaos_v1:siamese_skeletonsright":1,"minecraft:skeleton":28,"minecraft:pig":3,"born_in_chaos_v1:diamond_termite":9,"minecraft:creeper":1,"minecraft:sheep":2,"minecraft:zombie":81,"born_in_chaos_v1:dread_hound":3,"born_in_chaos_v1:corpse_fly":1,"born_in_chaos_v1:door_knight":1,"minecraft:cow":2,"born_in_chaos_v1:siamese_skeletonsleft":1,"born_in_chaos_v1:zombie_bruiser":1,"born_in_chaos_v1:maggot":17,"minecraft:horse":1,"born_in_chaos_v1:corpse_fish":2,"born_in_chaos_v1:barrel_zombie":1,"born_in_chaos_v1:baby_skeleton":1,"minecraft:bat":4,"born_in_chaos_v1:decrepit_skeleton":4,"born_in_chaos_v1:dark_vortex":1,"born_in_chaos_v1:nightmare_stalker":1}},"DataVersion":3465}