{"stats":{"minecraft:mined":{"minecraft:white_bed":3,"minecraft:farmland":1,"minecraft:cobblestone_stairs":3,"minecraft:jungle_leaves":65,"minecraft:obsidian":4,"minecraft:granite":17,"minecraft:grass_block":122,"born_in_chaos_v1:dark_metal_deposit":2,"minecraft:jungle_log":239,"minecraft:oxeye_daisy":1,"minecraft:iron_ore":255,"minecraft:cobbled_deepslate":5,"regions_unexplored:redwood_planks":2,"minecraft:deepslate_lapis_ore":28,"chococraft:gysahl_green":7,"justenoughdrugz:coca_plant":20,"justenoughdrugz:red_phosphorus_block":87,"minecraft:deepslate_redstone_ore":14,"minecraft:jungle_door":3,"born_in_chaos_v1:infected_deepslate_diamond_ore":2,"minecraft:torch":11,"minecraft:poppy":21,"minecraft:chest":1,"minecraft:cobblestone":40,"minecraft:sugar_cane":70,"minecraft:oak_planks":1,"minecraft:iron_door":1,"minecraft:wall_torch":20,"minecraft:wheat":412,"born_in_chaos_v1:river_mint":4,"minecraft:grass":137,"minecraft:beetroots":88,"minecraft:sand":23,"minecraft:dirt":48,"minecraft:deepslate":305,"minecraft:diamond_ore":1,"minecraft:tuff":11,"minecraft:deepslate_diamond_ore":7,"born_in_chaos_v1:infected_diamond_ore":2,"minecraft:jungle_planks":9,"born_in_chaos_v1:gnawed_bones":3,"minecraft:hay_block":15,"minecraft:furnace":1,"minecraft:carrots":22,"minecraft:jungle_sapling":3,"justenoughdrugz:oil_ore":184,"minecraft:andesite":21,"minecraft:potatoes":47,"minecraft:deepslate_iron_ore":99,"minecraft:vine":12,"regions_unexplored:medium_grass":2,"minecraft:stone":655,"regions_unexplored:windswept_grass":7,"minecraft:jungle_fence_gate":2,"minecraft:smithing_table":1,"born_in_chaos_v1:marigolds":1,"justenoughdrugz:weed_plant":45,"minecraft:dandelion":8,"minecraft:oak_fence":6,"minecraft:crafting_table":8,"minecraft:tall_grass":26,"minecraft:copper_ore":11,"minecraft:lapis_ore":18,"minecraft:deepslate_gold_ore":21,"minecraft:diorite":8,"minecraft:sweet_berry_bush":3,"minecraft:coal_ore":263,"minecraft:gravel":179,"minecraft:cobweb":27,"minecraft:gold_ore":2,"minecraft:fern":3},"minecraft:crafted":{"minecraft:jungle_button":9,"minecraft:oak_planks":12,"minecraft:jungle_fence_gate":2,"travelersbackpack:iron":1,"justenoughdrugz:blunt":15,"minecraft:barrel":9,"minecraft:oak_pressure_plate":1,"minecraft:stone":9,"minecraft:cobblestone_stairs":4,"securitycraft:keypad_item":2,"minecraft:heavy_weighted_pressure_plate":2,"minecraft:cooked_mutton":3,"securitycraft:laser_block":1,"minecraft:glass":8,"minecraft:bow":2,"minecraft:iron_boots":2,"justenoughdrugz:refined_oil":45,"minecraft:chest":8,"minecraft:iron_door":3,"minecraft:stone_hoe":4,"minecraft:smoker":1,"minecraft:item_frame":1,"minecraft:wooden_shovel":1,"justenoughdrugz:heroin_syringe":19,"minecraft:cooked_porkchop":4,"minecraft:crafting_table":4,"minecraft:jungle_boat":1,"securitycraft:reinforced_stone_button":16,"minecraft:iron_helmet":2,"minecraft:wooden_pickaxe":1,"minecraft:jungle_pressure_plate":1,"minecraft:smithing_table":1,"minecraft:iron_chestplate":2,"minecraft:paper":42,"minecraft:diamond_pickaxe":1,"minecraft:shield":2,"minecraft:stick":292,"minecraft:iron_ingot":318,"justenoughdrugz:empty_syringe":9,"minecraft:iron_pickaxe":8,"minecraft:iron_block":3,"minecraft:gold_ingot":23,"securitycraft:universal_block_reinforcer_lvl1":1,"minecraft:wooden_sword":1,"minecraft:stone_shovel":1,"minecraft:iron_nugget":9,"minecraft:furnace":3,"minecraft:bone_meal":87,"justenoughdrugz:dried_coca":12,"minecraft:glass_pane":16,"minecraft:iron_axe":1,"minecraft:stone_pickaxe":5,"minecraft:redstone_block":1,"minecraft:wheat":126,"justenoughdrugz:gasoline":18,"minecraft:iron_sword":4,"minecraft:bucket":1,"minecraft:stone_axe":1,"minecraft:jungle_slab":96,"minecraft:jungle_planks":528,"minecraft:bread":134,"minecraft:air":0,"securitycraft:reinforced_stone":9,"minecraft:jungle_door":3,"minecraft:wooden_axe":1,"minecraft:iron_shovel":2,"minecraft:iron_leggings":2,"minecraft:anvil":1,"minecraft:torch":504},"minecraft:picked_up":{"minecraft:seagrass":1,"chococraft:loverly_gysahl_green":2,"minecraft:wheat":375,"securitycraft:keypad_item":8,"justenoughdrugz:coca_seeds":48,"minecraft:prismarine_shard":2,"minecraft:smithing_table":1,"minecraft:enchanted_book":2,"justenoughdrugz:red_phosphorus":263,"minecraft:string":75,"minecraft:raw_copper":38,"minecraft:beetroot":85,"minecraft:cobbled_deepslate":329,"minecraft:furnace":1,"minecraft:stick":7,"justenoughdrugz:weed":46,"born_in_chaos_v1:shattered_skull":3,"minecraft:jungle_door":5,"minecraft:oak_fence":6,"minecraft:torch":48,"minecraft:porkchop":4,"minecraft:diorite":8,"minecraft:stone_sword":1,"minecraft:rotten_flesh":81,"minecraft:obsidian":4,"minecraft:cod":1,"minecraft:cobblestone":839,"minecraft:birch_log":1,"minecraft:iron_door":1,"minecraft:andesite":25,"minecraft:jungle_log":239,"minecraft:potato":83,"minecraft:flint":28,"minecraft:tuff":13,"travelersbackpack:gold_tier_upgrade":1,"minecraft:lapis_lazuli":336,"minecraft:dirt":207,"minecraft:name_tag":2,"born_in_chaos_v1:monster_skin":3,"born_in_chaos_v1:marigolds":2,"minecraft:bone":63,"minecraft:bow":1,"minecraft:wheat_seeds":1095,"minecraft:raw_gold":25,"minecraft:bamboo":4,"minecraft:oak_planks":1,"minecraft:jungle_planks":17,"minecraft:sand":39,"minecraft:ink_sac":2,"securitycraft:reinforced_stone":7,"minecraft:diamond":8,"minecraft:granite":17,"minecraft:bone_meal":1,"minecraft:golden_apple":1,"minecraft:golden_horse_armor":1,"born_in_chaos_v1:rotten_fish":2,"born_in_chaos_v1:diamond_termite_shard":8,"minecraft:crafting_table":8,"born_in_chaos_v1:river_mint":7,"minecraft:clay_ball":3,"minecraft:chest_minecart":1,"minecraft:chain":3,"justenoughdrugz:coca":19,"minecraft:iron_axe":1,"minecraft:wooden_sword":1,"born_in_chaos_v1:intoxicating_decoction":2,"minecraft:item_frame":5,"minecraft:detector_rail":3,"minecraft:beef":5,"born_in_chaos_v1:gnawed_bones":6,"justenoughdrugz:weed_seed":145,"minecraft:jungle_sapling":10,"minecraft:poppy":21,"regions_unexplored:redwood_planks":13,"minecraft:sugar_cane":100,"minecraft:chest":1,"minecraft:egg":7,"minecraft:raw_iron":352,"securitycraft:reinforced_cobblestone":9,"minecraft:jungle_fence_gate":2,"born_in_chaos_v1:pieceofdarkmetal":4,"minecraft:carrot":42,"minecraft:redstone":74,"minecraft:arrow":40,"minecraft:beetroot_seeds":256,"minecraft:hay_block":19,"minecraft:saddle":1,"minecraft:mutton":3,"minecraft:white_wool":2,"minecraft:rail":4,"minecraft:oxeye_daisy":1,"born_in_chaos_v1:fused_bone":1,"born_in_chaos_v1:corpse_maggot":16,"minecraft:jungle_boat":5,"born_in_chaos_v1:monster_flesh":1,"minecraft:glow_ink_sac":3,"minecraft:leather":1,"minecraft:oak_log":3,"minecraft:gunpowder":22,"minecraft:cobblestone_stairs":3,"mca:book_romance":1,"chococraft:chocobo_feather":2,"chococraft:gysahl_green":38,"minecraft:kelp":2,"minecraft:iron_ingot":7,"minecraft:iron_sword":5,"minecraft:sweet_berries":42,"born_in_chaos_v1:ethereal_spirit":3,"minecraft:dandelion":7,"minecraft:dripstone_block":1,"minecraft:gravel":183,"justenoughdrugz:unrefined_oil":183,"born_in_chaos_v1:dark_rod":3,"chococraft:gysahl_green_seeds":14,"minecraft:white_bed":4,"minecraft:spider_eye":8,"travelersbackpack:standard":1,"minecraft:pumpkin_seeds":3,"minecraft:coal":288},"minecraft:dropped":{"minecraft:iron_sword":5,"minecraft:flint":6,"minecraft:wooden_sword":1,"minecraft:bone_meal":1,"minecraft:bone":7,"minecraft:gravel":10,"minecraft:wheat":1,"born_in_chaos_v1:marigolds":1,"minecraft:iron_ingot":45,"minecraft:iron_axe":1,"minecraft:raw_iron":21,"minecraft:name_tag":1,"minecraft:pumpkin_seeds":1},"minecraft:used":{"minecraft:beetroot":15,"minecraft:iron_shovel":246,"minecraft:poppy":1,"minecraft:chest":9,"minecraft:shield":93,"minecraft:stone":2,"minecraft:iron_sword":749,"securitycraft:keypad_item":6,"minecraft:jungle_planks":84,"travelersbackpack:iron":10,"minecraft:jungle_sapling":9,"minecraft:jungle_fence_gate":4,"born_in_chaos_v1:gnawed_bones":5,"minecraft:item_frame":6,"minecraft:bow":10,"minecraft:sweet_berries":34,"minecraft:furnace":3,"minecraft:beetroot_seeds":117,"minecraft:egg":1,"minecraft:potato":103,"justenoughdrugz:coca_seeds":48,"minecraft:diorite":3,"minecraft:stone_pickaxe":653,"minecraft:oak_planks":1,"minecraft:wooden_pickaxe":60,"minecraft:jungle_pressure_plate":1,"minecraft:sugar_cane":16,"minecraft:jungle_boat":4,"minecraft:sand":28,"regions_unexplored:redwood_planks":2,"minecraft:bread":104,"minecraft:oak_pressure_plate":1,"minecraft:iron_door":3,"minecraft:gravel":21,"minecraft:wooden_sword":17,"minecraft:smithing_table":2,"justenoughdrugz:weed_seed":59,"minecraft:bone_meal":87,"minecraft:stone_sword":39,"minecraft:stone_shovel":7,"minecraft:wooden_shovel":59,"minecraft:stone_hoe":297,"minecraft:torch":407,"minecraft:dirt":74,"minecraft:anvil":1,"minecraft:granite":8,"minecraft:wooden_axe":32,"minecraft:iron_axe":134,"minecraft:jungle_log":39,"minecraft:barrel":9,"minecraft:cobbled_deepslate":16,"minecraft:wheat_seeds":533,"minecraft:cooked_mutton":3,"minecraft:water_bucket":99,"minecraft:cobblestone_stairs":6,"minecraft:crafting_table":9,"minecraft:white_bed":5,"minecraft:smoker":1,"minecraft:diamond_pickaxe":9,"minecraft:iron_pickaxe":1352,"minecraft:stone_axe":131,"minecraft:cobblestone":274,"travelersbackpack:standard":18,"minecraft:cooked_porkchop":4,"minecraft:jungle_door":5,"minecraft:bucket":106},"minecraft:custom":{"minecraft:interact_with_crafting_table":143,"minecraft:open_barrel":38,"minecraft:bell_ring":1,"minecraft:leave_game":7,"minecraft:time_since_death":164511,"minecraft:sprint_one_cm":831385,"minecraft:damage_blocked_by_shield":3070,"minecraft:drop":20,"minecraft:play_time":688367,"minecraft:deaths":3,"minecraft:jump":6293,"minecraft:walk_on_water_one_cm":112572,"minecraft:interact_with_furnace":106,"minecraft:sleep_in_bed":12,"minecraft:damage_dealt":36811,"minecraft:crouch_one_cm":3419,"minecraft:interact_with_smoker":5,"minecraft:horse_one_cm":5058191,"minecraft:interact_with_smithing_table":8,"minecraft:mob_kills":208,"minecraft:interact_with_anvil":10,"minecraft:damage_dealt_resisted":2389,"minecraft:climb_one_cm":3855,"minecraft:walk_one_cm":3256528,"minecraft:sneak_time":2978,"minecraft:walk_under_water_one_cm":46829,"minecraft:boat_one_cm":59220,"minecraft:total_world_time":688367,"minecraft:time_since_rest":17085,"minecraft:damage_taken":6061,"minecraft:swim_one_cm":19,"minecraft:fly_one_cm":345770,"minecraft:open_chest":332,"minecraft:fall_one_cm":123053},"minecraft:broken":{"minecraft:wooden_shovel":1,"minecraft:iron_boots":1,"minecraft:stone_pickaxe":4,"minecraft:stone_axe":1,"minecraft:iron_sword":1,"minecraft:stone_hoe":1,"minecraft:wooden_pickaxe":1,"minecraft:shield":1,"minecraft:iron_pickaxe":5,"minecraft:iron_helmet":1},"minecraft:killed":{"born_in_chaos_v1:zombie_clown":1,"minecraft:witch":1,"born_in_chaos_v1:restless_spirit":2,"born_in_chaos_v1:zombie_lumberjack":2,"born_in_chaos_v1:skeleton_demoman":1,"born_in_chaos_v1:door_knight_not_despawn":1,"minecraft:spider":16,"born_in_chaos_v1:siamese_skeletonsright":1,"minecraft:skeleton":33,"minecraft:pig":3,"born_in_chaos_v1:diamond_termite":9,"minecraft:creeper":1,"minecraft:sheep":2,"minecraft:zombie":84,"born_in_chaos_v1:dread_hound":3,"born_in_chaos_v1:corpse_fly":1,"born_in_chaos_v1:door_knight":1,"minecraft:cow":2,"born_in_chaos_v1:siamese_skeletonsleft":1,"born_in_chaos_v1:zombie_bruiser":1,"born_in_chaos_v1:maggot":20,"minecraft:horse":1,"born_in_chaos_v1:corpse_fish":2,"born_in_chaos_v1:barrel_zombie":2,"born_in_chaos_v1:baby_skeleton":2,"minecraft:bat":4,"born_in_chaos_v1:decrepit_skeleton":5,"born_in_chaos_v1:dark_vortex":2,"born_in_chaos_v1:nightmare_stalker":1}},"DataVersion":3465}