{"stats":{"minecraft:used":{"minecraft:dirt":6,"minecraft:birch_log":5},"minecraft:mined":{"minecraft:grass":3,"minecraft:grass_block":2,"minecraft:dirt":6,"minecraft:birch_log":5},"minecraft:killed_by":{"minecraft:player":1},"minecraft:killed":{"minecraft:sheep":1},"minecraft:picked_up":{"minecraft:birch_log":5,"minecraft:mutton":1,"minecraft:dirt":7,"minecraft:white_wool":1},"minecraft:custom":{"minecraft:time_since_rest":2906,"minecraft:crouch_one_cm":139,"minecraft:play_time":10140,"minecraft:sprint_one_cm":29081,"minecraft:walk_one_cm":12842,"minecraft:damage_taken":416,"minecraft:deaths":1,"minecraft:sneak_time":38,"minecraft:mob_kills":1,"minecraft:jump":245,"minecraft:damage_dealt":125,"minecraft:time_since_death":2879,"minecraft:walk_on_water_one_cm":361,"minecraft:total_world_time":10140,"minecraft:fall_one_cm":9924,"minecraft:fly_one_cm":34986}},"DataVersion":3465}