{"stats":{"minecraft:mined":{"minecraft:white_bed":4,"born_in_chaos_v1:marigolds":1,"minecraft:lily_of_the_valley":1,"justenoughdrugz:weed_plant":1,"minecraft:dandelion":2,"minecraft:crafting_table":1,"minecraft:cornflower":1,"minecraft:spruce_fence":1,"minecraft:grass_block":15,"born_in_chaos_v1:black_argillite_brick_wall":1,"minecraft:chest":3,"minecraft:tall_grass":10,"minecraft:cobblestone":11,"minecraft:spruce_leaves":3,"minecraft:grindstone":1,"regions_unexplored:blue_bioshroom":1,"minecraft:spawner":1,"minecraft:large_fern":26,"minecraft:hay_block":28,"minecraft:purple_bed":1,"minecraft:carrots":10,"minecraft:birch_log":5,"born_in_chaos_v1:black_argillite_brick_slab":1,"born_in_chaos_v1:black_argillite_brick_stairs":3,"minecraft:birch_leaves":1,"born_in_chaos_v1:river_mint":6,"minecraft:pumpkin":7,"minecraft:bell":1,"minecraft:grass":41,"born_in_chaos_v1:black_argillite_slab":1,"chococraft:gysahl_green":15,"minecraft:oak_log":35,"minecraft:sand":20,"minecraft:dirt":7,"regions_unexplored:medium_grass":16,"minecraft:stonecutter":2,"regions_unexplored:windswept_grass":43,"minecraft:white_wool":1,"minecraft:oak_leaves":11,"minecraft:fern":5},"minecraft:used":{"minecraft:chest":3,"minecraft:wooden_pickaxe":2,"minecraft:spruce_planks":5,"minecraft:rotten_flesh":3,"minecraft:white_wool":1,"minecraft:torch":3,"minecraft:dirt":36,"minecraft:mutton":17,"minecraft:crafting_table":4,"minecraft:carrot":6,"minecraft:mushroom_stew":1,"minecraft:white_bed":4,"minecraft:golden_shovel":18,"born_in_chaos_v1:smoked_flesh":7,"minecraft:cornflower":1,"minecraft:chicken":2,"minecraft:bread":14,"minecraft:iron_pickaxe":30,"minecraft:golden_leggings":1,"regions_unexplored:blue_bioshroom":1,"minecraft:beef":6,"minecraft:purple_bed":1,"minecraft:furnace":1,"justenoughdrugz:weed_seed":1,"minecraft:birch_log":5,"chococraft:gysahl_green":3,"minecraft:egg":4,"minecraft:potato":1,"minecraft:dandelion":2,"minecraft:golden_pickaxe":27},"minecraft:crafted":{"minecraft:oak_planks":144,"minecraft:crafting_table":3,"minecraft:spruce_planks":40,"minecraft:wooden_pickaxe":1,"travelersbackpack:backpack_tank":2,"minecraft:furnace":1,"minecraft:glass":12,"travelersbackpack:light_gray_sleeping_bag":1,"minecraft:chest":1},"minecraft:killed_by":{"minecraft:player":1,"born_in_chaos_v1:siamese_skeletons":1},"minecraft:custom":{"minecraft:interact_with_furnace":5,"minecraft:mob_kills":42,"minecraft:interact_with_crafting_table":14,"minecraft:interact_with_cartography_table":1,"minecraft:open_barrel":10,"minecraft:damage_dealt_resisted":139,"minecraft:leave_game":4,"minecraft:time_since_death":5373,"minecraft:sleep_in_bed":8,"minecraft:climb_one_cm":315,"minecraft:time_since_rest":0,"minecraft:sprint_one_cm":715330,"minecraft:damage_taken":6186,"minecraft:walk_one_cm":318991,"minecraft:drop":24,"minecraft:damage_dealt":5195,"minecraft:swim_one_cm":23105,"minecraft:talked_to_villager":7,"minecraft:fly_one_cm":536126,"minecraft:open_chest":44,"minecraft:crouch_one_cm":1777,"minecraft:play_time":160659,"minecraft:deaths":22,"minecraft:sneak_time":814,"minecraft:walk_under_water_one_cm":9358,"minecraft:jump":3290,"minecraft:walk_on_water_one_cm":10825,"minecraft:total_world_time":160659,"minecraft:fall_one_cm":86450,"minecraft:horse_one_cm":454},"minecraft:dropped":{"minecraft:wheat_seeds":41,"minecraft:bowl":1,"born_in_chaos_v1:black_argillite_slab":1,"born_in_chaos_v1:black_argillite_button":1,"minecraft:rotten_flesh":4,"born_in_chaos_v1:smoked_flesh":2,"born_in_chaos_v1:black_argillite_brick_slab":10,"minecraft:lily_of_the_valley":2,"minecraft:jungle_log":1,"minecraft:birch_log":1,"minecraft:bone":1},"minecraft:broken":{"minecraft:golden_shovel":1},"minecraft:killed":{"minecraft:wolf":1,"minecraft:pig":4,"born_in_chaos_v1:restless_spirit":4,"born_in_chaos_v1:door_knight_not_despawn":1,"born_in_chaos_v1:decrepit_skeleton":2,"born_in_chaos_v1:maggot":2,"minecraft:sheep":15,"minecraft:skeleton":1,"minecraft:zombie":1,"minecraft:chicken":2,"minecraft:cow":9},"minecraft:picked_up":{"born_in_chaos_v1:fused_bone":1,"minecraft:birch_log":7,"minecraft:crafting_table":1,"chococraft:loverly_gysahl_green":3,"minecraft:feather":1,"minecraft:chicken":2,"born_in_chaos_v1:river_mint":5,"minecraft:brown_wool":1,"minecraft:jungle_log":1,"minecraft:leather":3,"minecraft:potato":1,"regions_unexplored:blue_bioshroom":1,"minecraft:oak_log":36,"born_in_chaos_v1:black_argillite_button":1,"minecraft:cornflower":1,"minecraft:dirt":37,"born_in_chaos_v1:marigolds":1,"chococraft:chocobo_feather":2,"minecraft:bone":3,"chococraft:gysahl_green":29,"minecraft:apple":1,"minecraft:stonecutter":2,"minecraft:wheat_seeds":18,"minecraft:bucket":1,"minecraft:grindstone":1,"minecraft:beef":19,"justenoughdrugz:weed_seed":3,"minecraft:light_gray_wool":2,"minecraft:chest":3,"minecraft:egg":6,"minecraft:stick":4,"justenoughdrugz:weed":1,"minecraft:pumpkin":7,"born_in_chaos_v1:black_argillite_slab":1,"minecraft:torch":5,"minecraft:dandelion":2,"born_in_chaos_v1:ethereal_spirit":5,"minecraft:bowl":1,"minecraft:porkchop":6,"minecraft:sand":20,"minecraft:white_bed":4,"chococraft:gysahl_green_seeds":12,"minecraft:carrot":9,"minecraft:lily_of_the_valley":2,"minecraft:spruce_log":1,"minecraft:arrow":1,"minecraft:purple_bed":1,"minecraft:rotten_flesh":9,"born_in_chaos_v1:black_argillite_brick_slab":10,"minecraft:hay_block":28,"minecraft:oak_sapling":7,"minecraft:mutton":27,"minecraft:white_wool":14,"minecraft:cobblestone":11}},"DataVersion":3465}