{"stats":{"minecraft:mined":{"born_in_chaos_v1:marigolds":1,"minecraft:lily_of_the_valley":1,"minecraft:dandelion":2,"minecraft:cornflower":1,"minecraft:spruce_fence":1,"minecraft:grass_block":14,"born_in_chaos_v1:black_argillite_brick_wall":1,"minecraft:chest":1,"minecraft:tall_grass":9,"minecraft:cobblestone":11,"minecraft:spruce_leaves":3,"minecraft:grindstone":1,"regions_unexplored:blue_bioshroom":1,"minecraft:large_fern":26,"minecraft:hay_block":28,"minecraft:purple_bed":1,"minecraft:carrots":10,"minecraft:birch_log":5,"born_in_chaos_v1:black_argillite_brick_slab":1,"born_in_chaos_v1:black_argillite_brick_stairs":3,"born_in_chaos_v1:river_mint":4,"minecraft:pumpkin":7,"minecraft:bell":1,"minecraft:grass":29,"born_in_chaos_v1:black_argillite_slab":1,"chococraft:gysahl_green":10,"minecraft:sand":20,"minecraft:dirt":7,"regions_unexplored:medium_grass":2,"minecraft:stonecutter":2,"regions_unexplored:windswept_grass":5,"minecraft:oak_leaves":6,"minecraft:fern":5},"minecraft:used":{"minecraft:spruce_planks":5,"minecraft:rotten_flesh":3,"minecraft:dirt":35,"minecraft:mutton":1,"minecraft:crafting_table":2,"minecraft:carrot":6,"minecraft:mushroom_stew":1,"minecraft:golden_shovel":18,"born_in_chaos_v1:smoked_flesh":7,"minecraft:cornflower":1,"minecraft:chicken":2,"minecraft:bread":14,"minecraft:iron_pickaxe":30,"minecraft:golden_leggings":1,"regions_unexplored:blue_bioshroom":1,"minecraft:beef":3,"minecraft:purple_bed":1,"minecraft:furnace":1,"minecraft:birch_log":5,"minecraft:egg":3,"minecraft:potato":1,"minecraft:dandelion":2,"minecraft:golden_pickaxe":27},"minecraft:crafted":{"minecraft:oak_planks":4,"minecraft:crafting_table":2,"minecraft:spruce_planks":40,"travelersbackpack:backpack_tank":2,"minecraft:furnace":1,"minecraft:glass":12},"minecraft:killed_by":{"minecraft:player":1,"born_in_chaos_v1:siamese_skeletons":1},"minecraft:custom":{"minecraft:interact_with_furnace":5,"minecraft:mob_kills":34,"minecraft:interact_with_crafting_table":9,"minecraft:interact_with_cartography_table":1,"minecraft:open_barrel":10,"minecraft:damage_dealt_resisted":128,"minecraft:leave_game":4,"minecraft:time_since_death":33,"minecraft:sleep_in_bed":1,"minecraft:climb_one_cm":315,"minecraft:time_since_rest":54,"minecraft:sprint_one_cm":559061,"minecraft:damage_taken":4231,"minecraft:walk_one_cm":246844,"minecraft:drop":24,"minecraft:damage_dealt":4332,"minecraft:swim_one_cm":11788,"minecraft:talked_to_villager":7,"minecraft:fly_one_cm":390283,"minecraft:open_chest":38,"minecraft:crouch_one_cm":1363,"minecraft:play_time":119306,"minecraft:deaths":16,"minecraft:sneak_time":728,"minecraft:walk_under_water_one_cm":7229,"minecraft:jump":2450,"minecraft:walk_on_water_one_cm":8818,"minecraft:total_world_time":119306,"minecraft:fall_one_cm":61823,"minecraft:horse_one_cm":454},"minecraft:dropped":{"minecraft:wheat_seeds":41,"minecraft:bowl":1,"born_in_chaos_v1:black_argillite_slab":1,"born_in_chaos_v1:black_argillite_button":1,"minecraft:rotten_flesh":4,"born_in_chaos_v1:smoked_flesh":2,"born_in_chaos_v1:black_argillite_brick_slab":10,"minecraft:lily_of_the_valley":2,"minecraft:jungle_log":1,"minecraft:birch_log":1,"minecraft:bone":1},"minecraft:broken":{"minecraft:golden_shovel":1},"minecraft:killed":{"minecraft:pig":4,"born_in_chaos_v1:restless_spirit":4,"born_in_chaos_v1:door_knight_not_despawn":1,"born_in_chaos_v1:decrepit_skeleton":2,"born_in_chaos_v1:maggot":1,"minecraft:sheep":13,"minecraft:chicken":2,"minecraft:cow":7},"minecraft:picked_up":{"born_in_chaos_v1:fused_bone":1,"minecraft:birch_log":7,"chococraft:loverly_gysahl_green":2,"minecraft:feather":1,"minecraft:chicken":2,"born_in_chaos_v1:river_mint":3,"minecraft:brown_wool":1,"minecraft:jungle_log":1,"minecraft:leather":2,"minecraft:potato":1,"regions_unexplored:blue_bioshroom":1,"minecraft:oak_log":1,"born_in_chaos_v1:black_argillite_button":1,"minecraft:cornflower":1,"minecraft:dirt":36,"born_in_chaos_v1:marigolds":1,"chococraft:chocobo_feather":1,"minecraft:bone":3,"chococraft:gysahl_green":20,"minecraft:stonecutter":2,"minecraft:wheat_seeds":8,"minecraft:bucket":1,"minecraft:grindstone":1,"minecraft:beef":14,"justenoughdrugz:weed_seed":1,"minecraft:light_gray_wool":1,"minecraft:chest":1,"minecraft:egg":3,"minecraft:pumpkin":7,"born_in_chaos_v1:black_argillite_slab":1,"minecraft:dandelion":2,"born_in_chaos_v1:ethereal_spirit":5,"minecraft:bowl":1,"minecraft:porkchop":6,"minecraft:sand":20,"chococraft:gysahl_green_seeds":8,"minecraft:carrot":9,"minecraft:lily_of_the_valley":2,"minecraft:spruce_log":1,"minecraft:purple_bed":1,"minecraft:rotten_flesh":9,"born_in_chaos_v1:black_argillite_brick_slab":10,"minecraft:hay_block":28,"minecraft:mutton":22,"minecraft:white_wool":11,"minecraft:cobblestone":11}},"DataVersion":3465}