{"stats":{"minecraft:broken":{"minecraft:golden_shovel":1},"minecraft:crafted":{"minecraft:oak_planks":4,"minecraft:crafting_table":2,"minecraft:spruce_planks":40,"travelersbackpack:backpack_tank":2,"minecraft:furnace":1,"minecraft:glass":12},"minecraft:used":{"minecraft:spruce_planks":5,"minecraft:dirt":35,"minecraft:mutton":1,"minecraft:crafting_table":2,"minecraft:mushroom_stew":1,"minecraft:carrot":6,"minecraft:golden_shovel":18,"born_in_chaos_v1:smoked_flesh":7,"minecraft:chicken":1,"minecraft:bread":14,"minecraft:iron_pickaxe":30,"minecraft:golden_leggings":1,"minecraft:purple_bed":1,"minecraft:furnace":1,"minecraft:birch_log":5,"minecraft:egg":2,"minecraft:golden_pickaxe":27},"minecraft:picked_up":{"born_in_chaos_v1:fused_bone":1,"minecraft:birch_log":7,"chococraft:loverly_gysahl_green":2,"minecraft:chicken":1,"born_in_chaos_v1:river_mint":3,"minecraft:jungle_log":1,"minecraft:leather":1,"minecraft:oak_log":1,"born_in_chaos_v1:black_argillite_button":1,"minecraft:dirt":35,"born_in_chaos_v1:marigolds":1,"minecraft:bone":3,"chococraft:gysahl_green":10,"minecraft:stonecutter":2,"minecraft:wheat_seeds":4,"minecraft:beef":8,"minecraft:grindstone":1,"justenoughdrugz:weed_seed":1,"minecraft:chest":1,"minecraft:egg":2,"minecraft:pumpkin":7,"born_in_chaos_v1:black_argillite_slab":1,"minecraft:bowl":1,"born_in_chaos_v1:ethereal_spirit":5,"minecraft:porkchop":6,"minecraft:sand":20,"chococraft:gysahl_green_seeds":5,"minecraft:lily_of_the_valley":2,"minecraft:spruce_log":1,"minecraft:purple_bed":1,"minecraft:rotten_flesh":6,"born_in_chaos_v1:black_argillite_brick_slab":10,"minecraft:mutton":8,"minecraft:white_wool":5,"minecraft:cobblestone":11},"minecraft:killed":{"minecraft:pig":4,"born_in_chaos_v1:restless_spirit":4,"born_in_chaos_v1:decrepit_skeleton":2,"minecraft:sheep":5,"minecraft:chicken":1,"minecraft:cow":5},"minecraft:dropped":{"minecraft:wheat_seeds":40,"minecraft:bowl":1,"born_in_chaos_v1:black_argillite_slab":1,"born_in_chaos_v1:black_argillite_button":1,"minecraft:rotten_flesh":4,"born_in_chaos_v1:smoked_flesh":2,"born_in_chaos_v1:black_argillite_brick_slab":10,"minecraft:lily_of_the_valley":2,"minecraft:jungle_log":1,"minecraft:birch_log":1,"minecraft:bone":1},"minecraft:mined":{"born_in_chaos_v1:marigolds":1,"minecraft:lily_of_the_valley":1,"minecraft:spruce_fence":1,"minecraft:grass_block":13,"born_in_chaos_v1:black_argillite_brick_wall":1,"minecraft:chest":1,"minecraft:tall_grass":2,"minecraft:cobblestone":11,"minecraft:spruce_leaves":3,"minecraft:grindstone":1,"minecraft:large_fern":26,"minecraft:purple_bed":1,"minecraft:birch_log":5,"born_in_chaos_v1:black_argillite_brick_slab":1,"born_in_chaos_v1:black_argillite_brick_stairs":3,"born_in_chaos_v1:river_mint":4,"minecraft:pumpkin":7,"minecraft:bell":1,"minecraft:grass":17,"chococraft:gysahl_green":7,"born_in_chaos_v1:black_argillite_slab":1,"minecraft:sand":20,"minecraft:dirt":7,"minecraft:stonecutter":2,"minecraft:oak_leaves":6,"minecraft:fern":5},"minecraft:custom":{"minecraft:interact_with_furnace":5,"minecraft:mob_kills":21,"minecraft:interact_with_cartography_table":1,"minecraft:interact_with_crafting_table":9,"minecraft:open_barrel":10,"minecraft:damage_dealt_resisted":6,"minecraft:leave_game":2,"minecraft:time_since_death":21452,"minecraft:climb_one_cm":315,"minecraft:time_since_rest":21480,"minecraft:sprint_one_cm":450021,"minecraft:damage_taken":3312,"minecraft:walk_one_cm":193487,"minecraft:drop":23,"minecraft:damage_dealt":3359,"minecraft:swim_one_cm":11788,"minecraft:talked_to_villager":7,"minecraft:fly_one_cm":277663,"minecraft:open_chest":30,"minecraft:crouch_one_cm":1211,"minecraft:play_time":88620,"minecraft:deaths":11,"minecraft:sneak_time":669,"minecraft:walk_under_water_one_cm":3194,"minecraft:jump":1810,"minecraft:walk_on_water_one_cm":5845,"minecraft:total_world_time":88620,"minecraft:fall_one_cm":45569,"minecraft:horse_one_cm":454},"minecraft:killed_by":{"minecraft:player":1,"born_in_chaos_v1:siamese_skeletons":1}},"DataVersion":3465}