{"stats":{"minecraft:mined":{"minecraft:white_bed":6,"minecraft:farmland":2,"minecraft:carved_pumpkin":1,"minecraft:granite":16,"minecraft:grass_block":34,"minecraft:spruce_fence":1,"born_in_chaos_v1:black_argillite_brick_wall":1,"minecraft:spruce_leaves":3,"minecraft:bamboo_block":1,"regions_unexplored:blue_bioshroom":1,"minecraft:spawner":1,"minecraft:large_fern":27,"minecraft:hay_block":28,"minecraft:furnace":1,"minecraft:carrots":10,"minecraft:iron_ore":1,"born_in_chaos_v1:black_argillite_brick_slab":1,"born_in_chaos_v1:black_argillite_brick_stairs":3,"minecraft:andesite":76,"minecraft:pumpkin":17,"minecraft:bell":1,"born_in_chaos_v1:black_argillite_slab":1,"chococraft:gysahl_green":25,"justenoughdrugz:coca_plant":2,"regions_unexplored:medium_grass":24,"minecraft:stripped_bamboo_block":2,"regions_unexplored:redwood_log":29,"minecraft:stone":512,"regions_unexplored:windswept_grass":63,"minecraft:white_wool":1,"regions_unexplored:dead_steppe_shrub":1,"born_in_chaos_v1:marigolds":2,"minecraft:lily_of_the_valley":1,"justenoughdrugz:weed_plant":3,"regions_unexplored:pink_bioshroom":1,"minecraft:dandelion":2,"travelersbackpack:standard":2,"minecraft:crafting_table":3,"minecraft:cornflower":1,"minecraft:chest":5,"minecraft:tall_grass":12,"minecraft:cobblestone":17,"minecraft:grindstone":1,"minecraft:sugar_cane":2,"travelersbackpack:light_gray_sleeping_bag":2,"minecraft:purple_bed":1,"regions_unexplored:sandy_tall_grass":2,"minecraft:birch_log":5,"minecraft:birch_leaves":1,"born_in_chaos_v1:river_mint":6,"regions_unexplored:sandy_grass":2,"minecraft:bee_nest":1,"minecraft:grass":48,"minecraft:coal_ore":65,"minecraft:oak_log":35,"regions_unexplored:dark_oak_shrub":1,"minecraft:gravel":101,"minecraft:sand":63,"minecraft:dirt":20,"regions_unexplored:blackwood_shrub":1,"minecraft:stonecutter":2,"justenoughdrugz:coffee_plant":2,"minecraft:oak_leaves":11,"minecraft:fern":8},"minecraft:crafted":{"minecraft:oak_planks":144,"minecraft:furnace":2,"minecraft:glass":36,"travelersbackpack:white_sleeping_bag":1,"minecraft:iron_boots":1,"minecraft:iron_axe":1,"minecraft:ladder":15,"travelersbackpack:light_gray_sleeping_bag":1,"minecraft:stone_pickaxe":1,"minecraft:chest":3,"minecraft:wheat":252,"minecraft:wooden_shovel":1,"minecraft:crafting_table":4,"minecraft:spruce_planks":40,"travelersbackpack:backpack_tank":6,"minecraft:iron_helmet":1,"travelersbackpack:standard":2,"minecraft:wooden_pickaxe":1,"minecraft:bucket":1,"minecraft:bread":86,"minecraft:air":0,"travelersbackpack:pumpkin":1,"minecraft:bamboo_planks":4,"minecraft:wooden_hoe":1,"minecraft:iron_chestplate":1,"minecraft:stick":60,"minecraft:iron_ingot":13,"minecraft:iron_pickaxe":6,"minecraft:wooden_axe":1,"minecraft:stone_sword":1,"minecraft:iron_leggings":1,"minecraft:gold_ingot":1,"minecraft:shears":1},"minecraft:picked_up":{"minecraft:crafting_table":2,"chococraft:loverly_gysahl_green":3,"minecraft:wheat":1,"justenoughdrugz:coca_seeds":5,"minecraft:chicken":2,"born_in_chaos_v1:river_mint":7,"born_in_chaos_v1:seedof_chaos":1,"minecraft:brown_mushroom":8,"regions_unexplored:blue_bioshroom":1,"justenoughdrugz:coca":2,"minecraft:cornflower":1,"minecraft:string":9,"minecraft:iron_shovel":1,"minecraft:bucket":1,"minecraft:beef":21,"justenoughdrugz:weed_seed":11,"minecraft:light_gray_wool":2,"minecraft:sugar_cane":6,"minecraft:chest":5,"regions_unexplored:redwood_log":28,"minecraft:furnace":1,"minecraft:egg":9,"minecraft:stick":6,"minecraft:raw_iron":1,"justenoughdrugz:weed":3,"born_in_chaos_v1:shattered_skull":1,"born_in_chaos_v1:black_argillite_slab":1,"minecraft:copper_ingot":1,"minecraft:torch":7,"minecraft:bowl":1,"minecraft:porkchop":6,"minecraft:carrot":18,"minecraft:bamboo_block":1,"minecraft:arrow":9,"minecraft:rotten_flesh":13,"minecraft:hay_block":28,"minecraft:carved_pumpkin":1,"chococraft:chocobo_drumstick_raw":1,"minecraft:mutton":27,"minecraft:white_wool":14,"minecraft:cobblestone":716,"born_in_chaos_v1:fused_bone":1,"minecraft:birch_log":7,"born_in_chaos_v1:corpse_maggot":1,"minecraft:feather":2,"minecraft:cooked_beef":9,"born_in_chaos_v1:monster_flesh":4,"minecraft:andesite":111,"born_in_chaos_v1:spiritual_dust":2,"minecraft:jungle_log":1,"minecraft:brown_wool":1,"minecraft:leather":5,"minecraft:potato":7,"regions_unexplored:dead_steppe_shrub":1,"minecraft:flint":6,"minecraft:oak_log":36,"born_in_chaos_v1:black_argillite_button":1,"minecraft:dirt":91,"born_in_chaos_v1:marigolds":1,"minecraft:stripped_bamboo_block":2,"chococraft:chocobo_feather":6,"minecraft:bone":5,"chococraft:gysahl_green":63,"minecraft:apple":5,"chococraft:gold_gysahl":1,"minecraft:stonecutter":2,"minecraft:wheat_seeds":37,"minecraft:iron_ingot":43,"minecraft:grindstone":1,"justenoughdrugz:coffee_beans":9,"regions_unexplored:blackwood_shrub":1,"minecraft:oak_planks":125,"minecraft:pumpkin":22,"born_in_chaos_v1:ethereal_spirit":8,"minecraft:dandelion":2,"minecraft:gravel":95,"born_in_chaos_v1:dark_rod":2,"minecraft:sand":72,"chococraft:gysahl_green_seeds":36,"minecraft:spruce_log":1,"minecraft:white_bed":6,"minecraft:lily_of_the_valley":2,"travelersbackpack:standard":2,"travelersbackpack:light_gray_sleeping_bag":2,"minecraft:pumpkin_seeds":4,"minecraft:purple_bed":1,"born_in_chaos_v1:black_argillite_brick_slab":10,"minecraft:granite":20,"minecraft:oak_sapling":7,"minecraft:coal":68},"minecraft:used":{"minecraft:stone_sword":43,"minecraft:iron_shovel":24,"minecraft:ladder":4,"minecraft:chest":6,"minecraft:spruce_planks":5,"minecraft:wooden_shovel":59,"minecraft:rotten_flesh":3,"minecraft:torch":6,"minecraft:dirt":69,"minecraft:mutton":20,"minecraft:carrot":12,"minecraft:golden_shovel":18,"minecraft:granite":11,"chococraft:chocobo_drumstick_raw":1,"minecraft:wooden_axe":12,"born_in_chaos_v1:smoked_flesh":11,"minecraft:iron_axe":44,"regions_unexplored:blue_bioshroom":1,"minecraft:beef":13,"minecraft:oak_sapling":9,"minecraft:furnace":3,"minecraft:egg":9,"minecraft:potato":37,"minecraft:pumpkin":4,"justenoughdrugz:coca_seeds":2,"minecraft:water_bucket":1,"justenoughdrugz:coffee_beans":4,"minecraft:stone_pickaxe":131,"minecraft:wooden_pickaxe":15,"regions_unexplored:dead_steppe_shrub":1,"minecraft:white_wool":1,"minecraft:crafting_table":6,"regions_unexplored:blackwood_shrub":1,"minecraft:bamboo_block":3,"minecraft:mushroom_stew":1,"minecraft:white_bed":7,"minecraft:shears":1,"minecraft:wooden_hoe":20,"minecraft:apple":4,"minecraft:cornflower":1,"born_in_chaos_v1:monster_flesh":1,"minecraft:chicken":2,"minecraft:bread":39,"minecraft:iron_pickaxe":566,"minecraft:gravel":1,"minecraft:golden_leggings":1,"travelersbackpack:light_gray_sleeping_bag":2,"minecraft:cobblestone":142,"minecraft:purple_bed":1,"travelersbackpack:standard":9,"minecraft:andesite":3,"justenoughdrugz:weed_seed":1,"minecraft:bucket":8,"minecraft:birch_log":5,"chococraft:gysahl_green":6,"minecraft:dandelion":2,"minecraft:golden_pickaxe":27},"minecraft:dropped":{"minecraft:iron_ingot":52,"minecraft:bread":3,"minecraft:wheat_seeds":42,"born_in_chaos_v1:black_argillite_slab":1,"minecraft:cobblestone":1,"minecraft:leather":2,"chococraft:gysahl_green_seeds":8,"born_in_chaos_v1:black_argillite_brick_slab":10,"minecraft:copper_ingot":1,"minecraft:stick":3,"minecraft:dirt":19,"minecraft:iron_pickaxe":3,"minecraft:birch_log":1,"minecraft:bone":1,"minecraft:bowl":1,"justenoughdrugz:weed_seed":1,"born_in_chaos_v1:black_argillite_button":1,"minecraft:rotten_flesh":4,"born_in_chaos_v1:smoked_flesh":2,"minecraft:pumpkin_seeds":9,"minecraft:lily_of_the_valley":2,"minecraft:potato":6,"minecraft:jungle_log":1,"minecraft:arrow":1},"minecraft:custom":{"minecraft:mob_kills":48,"minecraft:interact_with_crafting_table":60,"minecraft:open_barrel":26,"minecraft:damage_dealt_resisted":139,"minecraft:leave_game":7,"minecraft:time_since_death":103521,"minecraft:climb_one_cm":6335,"minecraft:sprint_one_cm":1224715,"minecraft:walk_one_cm":700180,"minecraft:drop":47,"minecraft:talked_to_villager":7,"minecraft:play_time":343152,"minecraft:deaths":29,"minecraft:sneak_time":1634,"minecraft:walk_under_water_one_cm":14378,"minecraft:jump":6329,"minecraft:walk_on_water_one_cm":21132,"minecraft:total_world_time":343152,"minecraft:interact_with_furnace":25,"minecraft:interact_with_cartography_table":1,"minecraft:sleep_in_bed":15,"minecraft:time_since_rest":33136,"minecraft:damage_taken":9800,"minecraft:damage_dealt":7398,"minecraft:swim_one_cm":56464,"minecraft:fly_one_cm":979532,"minecraft:open_chest":154,"minecraft:crouch_one_cm":3520,"minecraft:fall_one_cm":166977,"minecraft:horse_one_cm":461},"minecraft:broken":{"minecraft:iron_shovel":1,"minecraft:wooden_shovel":1,"minecraft:golden_shovel":1,"minecraft:stone_pickaxe":1,"minecraft:iron_pickaxe":2},"minecraft:killed":{"born_in_chaos_v1:restless_spirit":5,"born_in_chaos_v1:door_knight_not_despawn":1,"minecraft:spider":1,"born_in_chaos_v1:baby_skeleton_minion":1,"born_in_chaos_v1:maggot":2,"minecraft:skeleton":1,"minecraft:chicken":2,"minecraft:wolf":1,"minecraft:pig":4,"born_in_chaos_v1:decrepit_skeleton":2,"minecraft:sheep":15,"minecraft:zombie":1,"born_in_chaos_v1:dark_vortex":1,"chococraft:chocobo":1,"minecraft:cow":10},"minecraft:killed_by":{"minecraft:player":1,"born_in_chaos_v1:siamese_skeletons":1}},"DataVersion":3465}