{"stats":{"minecraft:used":{"minecraft:chicken":1,"minecraft:golden_leggings":1,"minecraft:dirt":17,"minecraft:mutton":1,"minecraft:purple_bed":1,"minecraft:birch_log":5,"minecraft:egg":1,"minecraft:golden_pickaxe":7},"minecraft:mined":{"minecraft:purple_bed":1,"minecraft:birch_log":5,"minecraft:grass":4,"minecraft:grass_block":12,"minecraft:dirt":6,"minecraft:spruce_leaves":2,"minecraft:stonecutter":2,"minecraft:grindstone":1,"minecraft:oak_leaves":2,"minecraft:fern":1},"minecraft:killed_by":{"minecraft:player":1,"born_in_chaos_v1:siamese_skeletons":1},"minecraft:killed":{"minecraft:sheep":1,"minecraft:chicken":1},"minecraft:picked_up":{"minecraft:birch_log":5,"minecraft:chicken":1,"minecraft:dirt":18,"minecraft:purple_bed":1,"minecraft:stonecutter":2,"minecraft:grindstone":1,"minecraft:mutton":1,"minecraft:white_wool":1,"minecraft:egg":1},"minecraft:custom":{"minecraft:time_since_rest":2962,"minecraft:sprint_one_cm":88893,"minecraft:damage_taken":838,"minecraft:walk_one_cm":35840,"minecraft:mob_kills":2,"minecraft:damage_dealt":200,"minecraft:swim_one_cm":9779,"minecraft:talked_to_villager":7,"minecraft:interact_with_crafting_table":1,"minecraft:fly_one_cm":75769,"minecraft:open_chest":5,"minecraft:crouch_one_cm":419,"minecraft:play_time":21932,"minecraft:deaths":3,"minecraft:sneak_time":292,"minecraft:walk_under_water_one_cm":861,"minecraft:jump":504,"minecraft:leave_game":1,"minecraft:walk_on_water_one_cm":3546,"minecraft:time_since_death":2933,"minecraft:total_world_time":21932,"minecraft:fall_one_cm":17047}},"DataVersion":3465}