{"stats":{"minecraft:mined":{"minecraft:white_bed":5,"minecraft:grass_block":31,"minecraft:spruce_fence":1,"born_in_chaos_v1:black_argillite_brick_wall":1,"minecraft:spruce_leaves":3,"regions_unexplored:blue_bioshroom":1,"minecraft:spawner":1,"minecraft:large_fern":27,"minecraft:hay_block":28,"minecraft:carrots":10,"minecraft:iron_ore":1,"born_in_chaos_v1:black_argillite_brick_slab":1,"born_in_chaos_v1:black_argillite_brick_stairs":3,"minecraft:pumpkin":10,"minecraft:bell":1,"born_in_chaos_v1:black_argillite_slab":1,"chococraft:gysahl_green":16,"regions_unexplored:medium_grass":24,"minecraft:stone":68,"regions_unexplored:windswept_grass":61,"minecraft:white_wool":1,"born_in_chaos_v1:marigolds":2,"minecraft:lily_of_the_valley":1,"justenoughdrugz:weed_plant":1,"regions_unexplored:pink_bioshroom":1,"minecraft:dandelion":2,"minecraft:crafting_table":2,"minecraft:cornflower":1,"minecraft:chest":3,"minecraft:tall_grass":12,"minecraft:cobblestone":11,"minecraft:grindstone":1,"minecraft:purple_bed":1,"regions_unexplored:sandy_tall_grass":1,"minecraft:birch_log":5,"minecraft:birch_leaves":1,"born_in_chaos_v1:river_mint":6,"minecraft:bee_nest":1,"minecraft:grass":48,"minecraft:oak_log":35,"regions_unexplored:dark_oak_shrub":1,"minecraft:gravel":101,"minecraft:sand":41,"minecraft:dirt":7,"regions_unexplored:blackwood_shrub":1,"minecraft:stonecutter":2,"minecraft:oak_leaves":11,"minecraft:fern":6},"minecraft:crafted":{"minecraft:oak_planks":144,"minecraft:furnace":2,"minecraft:glass":24,"travelersbackpack:white_sleeping_bag":1,"travelersbackpack:light_gray_sleeping_bag":1,"minecraft:stone_pickaxe":1,"minecraft:chest":2,"minecraft:wheat":252,"minecraft:wooden_shovel":1,"minecraft:crafting_table":4,"minecraft:spruce_planks":40,"travelersbackpack:backpack_tank":4,"minecraft:wooden_pickaxe":1,"minecraft:bread":86,"minecraft:air":0,"minecraft:stick":8,"minecraft:iron_ingot":1,"minecraft:wooden_axe":1,"minecraft:stone_sword":1},"minecraft:picked_up":{"chococraft:loverly_gysahl_green":3,"minecraft:crafting_table":1,"minecraft:chicken":2,"born_in_chaos_v1:river_mint":5,"born_in_chaos_v1:seedof_chaos":1,"regions_unexplored:blue_bioshroom":1,"minecraft:cornflower":1,"minecraft:string":2,"minecraft:bucket":1,"minecraft:beef":21,"justenoughdrugz:weed_seed":4,"minecraft:light_gray_wool":2,"minecraft:chest":3,"minecraft:egg":8,"minecraft:stick":6,"minecraft:raw_iron":1,"justenoughdrugz:weed":1,"born_in_chaos_v1:shattered_skull":1,"born_in_chaos_v1:black_argillite_slab":1,"minecraft:copper_ingot":1,"minecraft:torch":5,"minecraft:bowl":1,"minecraft:porkchop":6,"minecraft:carrot":9,"minecraft:arrow":1,"minecraft:rotten_flesh":11,"minecraft:hay_block":28,"chococraft:chocobo_drumstick_raw":1,"minecraft:mutton":27,"minecraft:cobblestone":74,"minecraft:white_wool":14,"born_in_chaos_v1:fused_bone":1,"minecraft:birch_log":7,"minecraft:feather":1,"born_in_chaos_v1:spiritual_dust":2,"minecraft:jungle_log":1,"minecraft:brown_wool":1,"minecraft:leather":5,"minecraft:potato":7,"minecraft:flint":6,"minecraft:oak_log":36,"born_in_chaos_v1:black_argillite_button":1,"minecraft:dirt":72,"born_in_chaos_v1:marigolds":1,"chococraft:chocobo_feather":3,"minecraft:bone":3,"chococraft:gysahl_green":32,"minecraft:apple":1,"minecraft:stonecutter":2,"minecraft:wheat_seeds":21,"minecraft:grindstone":1,"regions_unexplored:blackwood_shrub":1,"minecraft:oak_planks":125,"minecraft:pumpkin":11,"born_in_chaos_v1:ethereal_spirit":7,"minecraft:dandelion":2,"minecraft:gravel":95,"minecraft:sand":41,"chococraft:gysahl_green_seeds":20,"minecraft:spruce_log":1,"minecraft:white_bed":5,"minecraft:lily_of_the_valley":2,"minecraft:purple_bed":1,"born_in_chaos_v1:black_argillite_brick_slab":10,"minecraft:oak_sapling":7},"minecraft:used":{"minecraft:stone_sword":33,"minecraft:chest":4,"minecraft:spruce_planks":5,"minecraft:wooden_shovel":59,"minecraft:rotten_flesh":3,"minecraft:torch":5,"minecraft:dirt":53,"minecraft:mutton":20,"minecraft:carrot":12,"minecraft:golden_shovel":18,"chococraft:chocobo_drumstick_raw":1,"minecraft:wooden_axe":3,"born_in_chaos_v1:smoked_flesh":11,"regions_unexplored:blue_bioshroom":1,"minecraft:beef":13,"minecraft:oak_sapling":9,"minecraft:furnace":2,"minecraft:egg":8,"minecraft:potato":37,"minecraft:stone_pickaxe":57,"minecraft:wooden_pickaxe":15,"minecraft:white_wool":1,"minecraft:crafting_table":5,"regions_unexplored:blackwood_shrub":1,"minecraft:mushroom_stew":1,"minecraft:white_bed":5,"minecraft:apple":4,"minecraft:cornflower":1,"born_in_chaos_v1:monster_flesh":1,"minecraft:chicken":2,"minecraft:bread":24,"minecraft:iron_pickaxe":30,"minecraft:gravel":1,"minecraft:golden_leggings":1,"minecraft:cobblestone":17,"minecraft:purple_bed":1,"justenoughdrugz:weed_seed":1,"minecraft:birch_log":5,"chococraft:gysahl_green":6,"minecraft:dandelion":2,"minecraft:golden_pickaxe":27},"minecraft:dropped":{"minecraft:bread":3,"minecraft:wheat_seeds":42,"born_in_chaos_v1:black_argillite_slab":1,"minecraft:cobblestone":1,"chococraft:gysahl_green_seeds":8,"born_in_chaos_v1:black_argillite_brick_slab":10,"minecraft:copper_ingot":1,"minecraft:stick":3,"minecraft:dirt":19,"minecraft:birch_log":1,"minecraft:bone":1,"minecraft:bowl":1,"justenoughdrugz:weed_seed":1,"born_in_chaos_v1:black_argillite_button":1,"minecraft:rotten_flesh":4,"born_in_chaos_v1:smoked_flesh":2,"minecraft:pumpkin_seeds":9,"minecraft:lily_of_the_valley":2,"minecraft:potato":6,"minecraft:jungle_log":1,"minecraft:arrow":1},"minecraft:custom":{"minecraft:mob_kills":47,"minecraft:interact_with_crafting_table":35,"minecraft:open_barrel":19,"minecraft:damage_dealt_resisted":139,"minecraft:leave_game":6,"minecraft:time_since_death":11498,"minecraft:climb_one_cm":315,"minecraft:sprint_one_cm":1034652,"minecraft:walk_one_cm":487976,"minecraft:drop":40,"minecraft:talked_to_villager":7,"minecraft:play_time":251129,"minecraft:deaths":29,"minecraft:sneak_time":1019,"minecraft:walk_under_water_one_cm":11763,"minecraft:jump":4970,"minecraft:walk_on_water_one_cm":16960,"minecraft:total_world_time":251129,"minecraft:interact_with_furnace":10,"minecraft:interact_with_cartography_table":1,"minecraft:sleep_in_bed":10,"minecraft:time_since_rest":11547,"minecraft:damage_taken":9191,"minecraft:damage_dealt":6725,"minecraft:swim_one_cm":34936,"minecraft:fly_one_cm":827189,"minecraft:open_chest":90,"minecraft:crouch_one_cm":2127,"minecraft:fall_one_cm":134733,"minecraft:horse_one_cm":454},"minecraft:broken":{"minecraft:wooden_shovel":1,"minecraft:golden_shovel":1},"minecraft:killed":{"born_in_chaos_v1:restless_spirit":5,"born_in_chaos_v1:door_knight_not_despawn":1,"minecraft:spider":1,"born_in_chaos_v1:baby_skeleton_minion":1,"born_in_chaos_v1:maggot":2,"minecraft:skeleton":1,"minecraft:chicken":2,"minecraft:wolf":1,"minecraft:pig":4,"born_in_chaos_v1:decrepit_skeleton":2,"minecraft:sheep":15,"minecraft:zombie":1,"chococraft:chocobo":1,"minecraft:cow":10},"minecraft:killed_by":{"minecraft:player":1,"born_in_chaos_v1:siamese_skeletons":1}},"DataVersion":3465}