{"stats":{"minecraft:used":{"minecraft:chicken":1,"minecraft:golden_leggings":1,"minecraft:dirt":17,"minecraft:mutton":1,"minecraft:purple_bed":1,"minecraft:birch_log":5,"minecraft:egg":1,"minecraft:golden_pickaxe":7},"minecraft:picked_up":{"minecraft:birch_log":5,"minecraft:chicken":1,"minecraft:oak_log":1,"minecraft:spruce_log":1,"minecraft:dirt":34,"minecraft:purple_bed":1,"minecraft:stonecutter":2,"minecraft:wheat_seeds":1,"minecraft:grindstone":1,"minecraft:mutton":1,"minecraft:white_wool":1,"minecraft:egg":1},"minecraft:killed":{"minecraft:sheep":1,"minecraft:chicken":1},"minecraft:mined":{"minecraft:purple_bed":1,"minecraft:birch_log":5,"minecraft:grass":4,"minecraft:grass_block":12,"minecraft:dirt":6,"minecraft:spruce_leaves":2,"minecraft:stonecutter":2,"minecraft:grindstone":1,"minecraft:oak_leaves":2,"minecraft:fern":1},"minecraft:custom":{"minecraft:time_since_rest":3845,"minecraft:sprint_one_cm":95675,"minecraft:damage_taken":910,"minecraft:walk_one_cm":37897,"minecraft:mob_kills":2,"minecraft:damage_dealt":200,"minecraft:talked_to_villager":7,"minecraft:swim_one_cm":9779,"minecraft:interact_with_crafting_table":1,"minecraft:fly_one_cm":79699,"minecraft:open_chest":5,"minecraft:crouch_one_cm":419,"minecraft:play_time":22815,"minecraft:deaths":3,"minecraft:sneak_time":292,"minecraft:walk_under_water_one_cm":861,"minecraft:jump":534,"minecraft:leave_game":1,"minecraft:walk_on_water_one_cm":3546,"minecraft:time_since_death":3816,"minecraft:total_world_time":22815,"minecraft:fall_one_cm":17465},"minecraft:killed_by":{"minecraft:player":1,"born_in_chaos_v1:siamese_skeletons":1}},"DataVersion":3465}