{"stats":{"minecraft:crafted":{"minecraft:oak_planks":4,"minecraft:spruce_planks":40},"minecraft:used":{"minecraft:bread":12,"minecraft:chicken":1,"minecraft:golden_leggings":1,"minecraft:dirt":17,"minecraft:mutton":1,"minecraft:purple_bed":1,"minecraft:mushroom_stew":1,"minecraft:birch_log":5,"minecraft:golden_shovel":15,"minecraft:egg":1,"minecraft:golden_pickaxe":9},"minecraft:picked_up":{"born_in_chaos_v1:fused_bone":1,"minecraft:birch_log":5,"chococraft:loverly_gysahl_green":2,"minecraft:chicken":1,"born_in_chaos_v1:river_mint":3,"minecraft:bowl":1,"born_in_chaos_v1:ethereal_spirit":5,"minecraft:porkchop":6,"minecraft:oak_log":1,"chococraft:gysahl_green_seeds":5,"minecraft:spruce_log":1,"minecraft:dirt":34,"born_in_chaos_v1:marigolds":1,"minecraft:purple_bed":1,"chococraft:gysahl_green":10,"minecraft:stonecutter":2,"minecraft:wheat_seeds":3,"minecraft:beef":4,"minecraft:grindstone":1,"minecraft:mutton":1,"minecraft:white_wool":1,"minecraft:egg":1},"minecraft:dropped":{"minecraft:bowl":1},"minecraft:killed":{"minecraft:sheep":1,"minecraft:pig":4,"born_in_chaos_v1:restless_spirit":4,"minecraft:chicken":1,"minecraft:cow":2},"minecraft:mined":{"minecraft:purple_bed":1,"born_in_chaos_v1:marigolds":1,"minecraft:birch_log":5,"born_in_chaos_v1:river_mint":3,"minecraft:grass":13,"chococraft:gysahl_green":5,"minecraft:grass_block":13,"minecraft:dirt":6,"minecraft:spruce_leaves":3,"minecraft:stonecutter":2,"minecraft:grindstone":1,"minecraft:oak_leaves":2,"minecraft:fern":5,"minecraft:large_fern":23},"minecraft:custom":{"minecraft:time_since_rest":2584,"minecraft:sprint_one_cm":201615,"minecraft:damage_taken":1437,"minecraft:walk_one_cm":103246,"minecraft:mob_kills":12,"minecraft:drop":1,"minecraft:damage_dealt":2400,"minecraft:talked_to_villager":7,"minecraft:swim_one_cm":11788,"minecraft:interact_with_crafting_table":1,"minecraft:fly_one_cm":147522,"minecraft:open_barrel":5,"minecraft:open_chest":15,"minecraft:crouch_one_cm":1139,"minecraft:play_time":46815,"minecraft:deaths":4,"minecraft:sneak_time":620,"minecraft:walk_under_water_one_cm":2518,"minecraft:jump":1050,"minecraft:leave_game":1,"minecraft:walk_on_water_one_cm":5044,"minecraft:time_since_death":2553,"minecraft:total_world_time":46815,"minecraft:fall_one_cm":27843},"minecraft:killed_by":{"minecraft:player":1,"born_in_chaos_v1:siamese_skeletons":1}},"DataVersion":3465}