{"stats":{"minecraft:broken":{"minecraft:stone_axe":1},"minecraft:crafted":{"minecraft:wooden_sword":1,"minecraft:oak_planks":68,"minecraft:crafting_table":1,"minecraft:wooden_pickaxe":1,"minecraft:iron_sword":1,"minecraft:furnace":1,"minecraft:birch_planks":4,"minecraft:stone_axe":1,"minecraft:air":0,"minecraft:charcoal":5,"minecraft:iron_axe":1,"minecraft:stick":16,"minecraft:iron_pickaxe":1,"minecraft:iron_ingot":8,"minecraft:stone_pickaxe":1,"minecraft:wooden_axe":1,"minecraft:stone_sword":1,"minecraft:stone_hoe":1},"minecraft:used":{"minecraft:cooked_mutton":1,"minecraft:stone_sword":7,"minecraft:stone_pickaxe":49,"minecraft:oak_planks":9,"minecraft:chest":2,"minecraft:wooden_pickaxe":10,"minecraft:iron_sword":8,"minecraft:stone_hoe":22,"minecraft:rotten_flesh":1,"minecraft:dirt":12,"minecraft:crafting_table":4,"minecraft:fern":1,"minecraft:wooden_axe":19,"minecraft:iron_axe":2,"minecraft:bread":6,"minecraft:spruce_sapling":9,"minecraft:stone_axe":99,"minecraft:cobblestone":1,"minecraft:furnace":3,"minecraft:oak_sapling":3,"minecraft:porkchop":14,"justenoughdrugz:weed_seed":1,"minecraft:bone_meal":2,"minecraft:large_fern":1,"minecraft:wheat_seeds":21},"minecraft:picked_up":{"born_in_chaos_v1:fused_bone":1,"minecraft:birch_log":1,"born_in_chaos_v1:corpse_maggot":3,"minecraft:magma_block":6,"chococraft:loverly_gysahl_green":2,"minecraft:crafting_table":3,"minecraft:wheat":8,"minecraft:salmon":3,"minecraft:potato":1,"minecraft:oak_log":27,"minecraft:string":2,"minecraft:dirt":13,"minecraft:paper":11,"minecraft:raw_copper":11,"born_in_chaos_v1:intoxicating_decoction":3,"minecraft:cooked_mutton":3,"minecraft:bone":1,"chococraft:gysahl_green":55,"minecraft:wheat_seeds":32,"justenoughdrugz:weed_seed":1,"minecraft:chest":4,"minecraft:oak_planks":2,"minecraft:furnace":2,"minecraft:stick":4,"minecraft:raw_iron":8,"minecraft:spruce_stairs":2,"minecraft:porkchop":14,"chococraft:gysahl_green_seeds":20,"minecraft:rotten_flesh":20,"minecraft:bone_meal":2,"born_in_chaos_v1:rotten_fish":4,"minecraft:oak_sapling":4,"minecraft:mutton":3,"minecraft:coal":13,"minecraft:white_wool":2,"minecraft:cobblestone":23},"minecraft:dropped":{"minecraft:raw_copper":11,"minecraft:rotten_flesh":13,"minecraft:chest":2,"minecraft:paper":11},"minecraft:killed":{"born_in_chaos_v1:zombie_clown":1,"minecraft:pig":5,"minecraft:salmon":3,"minecraft:spider":1,"born_in_chaos_v1:siamese_skeletonsright":1,"born_in_chaos_v1:maggot":5,"minecraft:sheep":2,"minecraft:zombie":8,"born_in_chaos_v1:corpse_fly":2,"born_in_chaos_v1:corpse_fish":6},"minecraft:mined":{"minecraft:crafting_table":3,"minecraft:grass_block":13,"minecraft:chest":2,"minecraft:copper_ore":6,"minecraft:cobblestone":1,"minecraft:spruce_leaves":2,"minecraft:oak_planks":2,"minecraft:seagrass":1,"minecraft:spruce_stairs":2,"minecraft:magma_block":6,"minecraft:furnace":2,"minecraft:birch_log":1,"minecraft:iron_ore":8,"minecraft:wheat":9,"minecraft:grass":14,"minecraft:coal_ore":13,"chococraft:gysahl_green":21,"minecraft:potatoes":1,"minecraft:oak_log":27,"minecraft:stone":22,"minecraft:oak_leaves":7,"minecraft:fern":5},"minecraft:custom":{"minecraft:interact_with_furnace":11,"minecraft:mob_kills":35,"minecraft:interact_with_crafting_table":8,"minecraft:interact_with_campfire":3,"minecraft:leave_game":1,"minecraft:time_since_death":23847,"minecraft:sleep_in_bed":1,"minecraft:climb_one_cm":722,"minecraft:time_since_rest":23916,"minecraft:sprint_one_cm":216400,"minecraft:damage_taken":1001,"minecraft:walk_one_cm":131839,"minecraft:drop":5,"minecraft:damage_dealt":3937,"minecraft:talked_to_villager":7,"minecraft:swim_one_cm":1708,"minecraft:fly_one_cm":69359,"minecraft:player_kills":1,"minecraft:open_chest":42,"minecraft:crouch_one_cm":2178,"minecraft:play_time":68752,"minecraft:deaths":2,"minecraft:sneak_time":824,"minecraft:walk_under_water_one_cm":173,"minecraft:jump":482,"minecraft:walk_on_water_one_cm":2082,"minecraft:total_world_time":68752,"minecraft:fall_one_cm":11831},"minecraft:killed_by":{"born_in_chaos_v1:zombie_clown":1}},"DataVersion":3465}