{"stats":{"minecraft:crafted":{"minecraft:wooden_sword":1,"minecraft:oak_planks":68,"minecraft:crafting_table":1,"minecraft:wooden_pickaxe":1,"minecraft:birch_planks":4,"minecraft:stone_axe":1,"minecraft:stick":16,"minecraft:stone_pickaxe":1,"minecraft:wooden_axe":1,"minecraft:stone_sword":1},"minecraft:used":{"minecraft:cooked_mutton":1,"minecraft:stone_sword":5,"minecraft:stone_pickaxe":15,"minecraft:oak_planks":9,"minecraft:wooden_pickaxe":10,"minecraft:rotten_flesh":1,"minecraft:dirt":12,"minecraft:crafting_table":3,"minecraft:fern":1,"minecraft:wooden_axe":19,"minecraft:bread":2,"minecraft:spruce_sapling":9,"minecraft:stone_axe":69,"minecraft:cobblestone":1,"minecraft:oak_sapling":1,"minecraft:porkchop":14,"minecraft:large_fern":1},"minecraft:picked_up":{"minecraft:birch_log":1,"minecraft:magma_block":6,"chococraft:loverly_gysahl_green":2,"minecraft:crafting_table":2,"minecraft:wheat":8,"minecraft:potato":1,"minecraft:oak_log":17,"minecraft:string":2,"minecraft:dirt":13,"minecraft:paper":11,"born_in_chaos_v1:intoxicating_decoction":3,"minecraft:cooked_mutton":3,"minecraft:bone":1,"chococraft:gysahl_green":55,"minecraft:wheat_seeds":32,"minecraft:chest":1,"minecraft:oak_planks":2,"minecraft:raw_iron":8,"minecraft:porkchop":14,"chococraft:gysahl_green_seeds":20,"minecraft:rotten_flesh":17,"minecraft:oak_sapling":1,"minecraft:mutton":3,"minecraft:white_wool":2,"minecraft:cobblestone":11},"minecraft:dropped":{"minecraft:rotten_flesh":13,"minecraft:paper":11},"minecraft:killed":{"born_in_chaos_v1:zombie_clown":1,"minecraft:pig":5,"minecraft:spider":1,"born_in_chaos_v1:maggot":2,"minecraft:sheep":2,"minecraft:zombie":7},"minecraft:mined":{"minecraft:crafting_table":2,"minecraft:grass_block":13,"minecraft:chest":1,"minecraft:cobblestone":1,"minecraft:spruce_leaves":2,"minecraft:oak_planks":2,"minecraft:magma_block":6,"minecraft:birch_log":1,"minecraft:iron_ore":8,"minecraft:wheat":9,"minecraft:grass":8,"chococraft:gysahl_green":21,"minecraft:potatoes":1,"minecraft:oak_log":17,"minecraft:stone":10,"minecraft:oak_leaves":5,"minecraft:fern":1},"minecraft:custom":{"minecraft:mob_kills":18,"minecraft:interact_with_crafting_table":3,"minecraft:interact_with_campfire":3,"minecraft:leave_game":1,"minecraft:time_since_death":18147,"minecraft:sleep_in_bed":1,"minecraft:climb_one_cm":722,"minecraft:time_since_rest":18205,"minecraft:sprint_one_cm":171392,"minecraft:damage_taken":801,"minecraft:walk_one_cm":95601,"minecraft:drop":2,"minecraft:damage_dealt":2579,"minecraft:talked_to_villager":7,"minecraft:swim_one_cm":1708,"minecraft:fly_one_cm":63711,"minecraft:player_kills":1,"minecraft:open_chest":16,"minecraft:crouch_one_cm":2152,"minecraft:play_time":44752,"minecraft:deaths":1,"minecraft:sneak_time":570,"minecraft:walk_under_water_one_cm":173,"minecraft:jump":439,"minecraft:walk_on_water_one_cm":1713,"minecraft:total_world_time":44752,"minecraft:fall_one_cm":10603},"minecraft:killed_by":{"born_in_chaos_v1:zombie_clown":1}},"DataVersion":3465}