{"stats":{"minecraft:broken":{"minecraft:stone_axe":1,"minecraft:leather_helmet":1},"minecraft:crafted":{"minecraft:wooden_sword":1,"minecraft:oak_planks":68,"justenoughdrugz:blunt":1,"minecraft:crafting_table":1,"minecraft:wooden_pickaxe":1,"minecraft:iron_sword":1,"minecraft:furnace":1,"minecraft:birch_planks":4,"minecraft:stone_axe":1,"minecraft:air":0,"minecraft:charcoal":5,"minecraft:iron_axe":1,"born_in_chaos_v1:fried_maggot":1,"minecraft:stick":16,"minecraft:iron_pickaxe":1,"minecraft:iron_ingot":8,"minecraft:stone_pickaxe":1,"minecraft:wooden_axe":1,"minecraft:stone_sword":1,"minecraft:stone_hoe":1},"minecraft:used":{"minecraft:cooked_mutton":1,"minecraft:stone_sword":7,"born_in_chaos_v1:ethereal_spirit":6,"minecraft:stone_pickaxe":50,"minecraft:oak_planks":9,"minecraft:chest":2,"minecraft:wooden_pickaxe":10,"minecraft:iron_sword":40,"born_in_chaos_v1:fried_maggot":1,"minecraft:stone_hoe":28,"minecraft:rotten_flesh":4,"minecraft:dirt":35,"minecraft:crafting_table":4,"minecraft:fern":1,"born_in_chaos_v1:corpse_maggot":5,"minecraft:wooden_axe":19,"chococraft:gysahl_green_seeds":3,"minecraft:map":1,"minecraft:iron_axe":17,"minecraft:bread":8,"minecraft:spruce_sapling":9,"minecraft:stone_axe":99,"minecraft:cobblestone":1,"born_in_chaos_v1:rotten_fish":1,"born_in_chaos_v1:river_mint":4,"minecraft:furnace":3,"minecraft:oak_sapling":4,"minecraft:porkchop":14,"justenoughdrugz:weed_seed":5,"minecraft:potato":3,"minecraft:bone_meal":3,"minecraft:large_fern":1,"minecraft:wheat_seeds":27},"minecraft:picked_up":{"born_in_chaos_v1:fused_bone":1,"minecraft:birch_log":1,"born_in_chaos_v1:corpse_maggot":9,"minecraft:magma_block":6,"chococraft:loverly_gysahl_green":2,"minecraft:crafting_table":3,"minecraft:wheat":8,"born_in_chaos_v1:river_mint":4,"minecraft:salmon":3,"minecraft:potato":1,"minecraft:oak_log":27,"minecraft:string":2,"minecraft:dirt":35,"minecraft:paper":11,"minecraft:raw_copper":11,"born_in_chaos_v1:monster_skin":5,"born_in_chaos_v1:intoxicating_decoction":3,"minecraft:cooked_mutton":3,"minecraft:bone":2,"chococraft:gysahl_green":55,"minecraft:wheat_seeds":40,"born_in_chaos_v1:smoked_flesh":2,"justenoughdrugz:weed_seed":6,"minecraft:chest":4,"minecraft:oak_planks":2,"minecraft:furnace":2,"minecraft:stick":4,"minecraft:raw_iron":8,"justenoughdrugz:weed":1,"born_in_chaos_v1:ethereal_spirit":1,"minecraft:spruce_stairs":2,"minecraft:porkchop":14,"chococraft:gysahl_green_seeds":21,"born_in_chaos_v1:pieceofdarkmetal":1,"born_in_chaos_v1:nightmare_claw":2,"minecraft:rotten_flesh":23,"minecraft:bone_meal":3,"born_in_chaos_v1:rotten_fish":5,"minecraft:oak_sapling":4,"minecraft:mutton":3,"minecraft:coal":13,"minecraft:white_wool":2,"minecraft:cobblestone":23},"minecraft:dropped":{"minecraft:raw_copper":11,"justenoughdrugz:weed_seed":1,"minecraft:rotten_flesh":13,"minecraft:filled_map":1,"minecraft:chest":2,"minecraft:paper":11},"minecraft:killed":{"born_in_chaos_v1:zombie_clown":1,"minecraft:pig":5,"born_in_chaos_v1:baby_skeleton":1,"minecraft:salmon":3,"minecraft:spider":1,"born_in_chaos_v1:siamese_skeletonsright":1,"born_in_chaos_v1:maggot":5,"minecraft:sheep":2,"minecraft:zombie":8,"born_in_chaos_v1:corpse_fly":7,"born_in_chaos_v1:nightmare_stalker":2,"born_in_chaos_v1:corpse_fish":8},"minecraft:mined":{"justenoughdrugz:weed_plant":1,"minecraft:crafting_table":3,"minecraft:grass_block":13,"minecraft:chest":2,"minecraft:copper_ore":6,"minecraft:cobblestone":1,"minecraft:spruce_leaves":2,"minecraft:oak_planks":2,"minecraft:large_fern":1,"minecraft:seagrass":1,"minecraft:spruce_stairs":2,"minecraft:magma_block":6,"minecraft:furnace":2,"minecraft:birch_log":1,"minecraft:iron_ore":8,"minecraft:wheat":13,"born_in_chaos_v1:river_mint":4,"minecraft:grass":15,"minecraft:coal_ore":13,"chococraft:gysahl_green":21,"minecraft:potatoes":1,"minecraft:oak_log":27,"minecraft:dirt":1,"minecraft:stone":22,"minecraft:oak_leaves":7,"minecraft:fern":6},"minecraft:custom":{"minecraft:interact_with_furnace":19,"minecraft:mob_kills":45,"minecraft:interact_with_crafting_table":10,"minecraft:interact_with_campfire":3,"minecraft:leave_game":1,"minecraft:time_since_death":2709,"minecraft:sleep_in_bed":1,"minecraft:climb_one_cm":722,"minecraft:time_since_rest":2732,"minecraft:sprint_one_cm":310331,"minecraft:damage_taken":2742,"minecraft:walk_one_cm":201929,"minecraft:drop":7,"minecraft:damage_dealt":6301,"minecraft:talked_to_villager":7,"minecraft:swim_one_cm":1708,"minecraft:fly_one_cm":98564,"minecraft:player_kills":1,"minecraft:open_chest":62,"minecraft:crouch_one_cm":2182,"minecraft:play_time":92752,"minecraft:deaths":8,"minecraft:sneak_time":834,"minecraft:walk_under_water_one_cm":173,"minecraft:jump":624,"minecraft:walk_on_water_one_cm":3294,"minecraft:total_world_time":92752,"minecraft:fall_one_cm":14260},"minecraft:killed_by":{"born_in_chaos_v1:zombie_clown":1}},"DataVersion":3465}