{"stats":{"minecraft:killed":{"born_in_chaos_v1:zombie_clown":1,"mca:male_zombie_villager":1,"minecraft:spider":4,"born_in_chaos_v1:thornshell_crab":1,"born_in_chaos_v1:siamese_skeletonsright":1,"born_in_chaos_v1:maggot":6,"born_in_chaos_v1:corpse_fish":9,"born_in_chaos_v1:spiritof_chaos":1,"minecraft:pig":7,"born_in_chaos_v1:baby_skeleton":1,"minecraft:salmon":3,"minecraft:sheep":5,"minecraft:zombie":13,"born_in_chaos_v1:corpse_fly":11,"born_in_chaos_v1:nightmare_stalker":2,"minecraft:cow":3},"minecraft:custom":{"minecraft:mob_kills":79,"minecraft:interact_with_crafting_table":27,"minecraft:interact_with_campfire":3,"minecraft:leave_game":3,"minecraft:time_since_death":20154,"minecraft:climb_one_cm":1670,"minecraft:sprint_one_cm":699783,"minecraft:walk_one_cm":426524,"minecraft:drop":29,"minecraft:talked_to_villager":7,"minecraft:play_time":183024,"minecraft:deaths":10,"minecraft:sneak_time":1250,"minecraft:walk_under_water_one_cm":15107,"minecraft:boat_one_cm":67963,"minecraft:jump":1787,"minecraft:walk_on_water_one_cm":17470,"minecraft:total_world_time":183024,"minecraft:interact_with_furnace":24,"minecraft:interact_with_stonecutter":2,"minecraft:sleep_in_bed":3,"minecraft:time_since_rest":2732,"minecraft:damage_taken":3604,"minecraft:damage_dealt":10615,"minecraft:swim_one_cm":15568,"minecraft:fly_one_cm":290269,"minecraft:player_kills":1,"minecraft:open_chest":86,"minecraft:crouch_one_cm":2272,"minecraft:fall_one_cm":47120},"minecraft:picked_up":{"minecraft:crafting_table":5,"chococraft:loverly_gysahl_green":7,"minecraft:wheat":12,"justenoughdrugz:coca_seeds":16,"born_in_chaos_v1:river_mint":23,"minecraft:string":5,"minecraft:raw_copper":11,"born_in_chaos_v1:intoxicating_decoction":3,"minecraft:beef":9,"justenoughdrugz:weed_seed":25,"minecraft:jungle_sapling":5,"minecraft:sugar_cane":9,"minecraft:chest":4,"minecraft:furnace":2,"minecraft:stick":7,"minecraft:raw_iron":8,"justenoughdrugz:weed":5,"minecraft:spruce_stairs":2,"minecraft:porkchop":24,"born_in_chaos_v1:nightmare_claw":2,"born_in_chaos_v1:pieceofdarkmetal":1,"minecraft:rotten_flesh":29,"born_in_chaos_v1:spiny_shell":2,"minecraft:mutton":15,"minecraft:white_wool":9,"minecraft:cobblestone":25,"born_in_chaos_v1:fused_bone":1,"minecraft:birch_log":1,"born_in_chaos_v1:corpse_maggot":16,"minecraft:magma_block":6,"minecraft:salmon":3,"minecraft:jungle_log":8,"minecraft:leather":5,"minecraft:potato":1,"chococraft:chocobo_saddle":1,"minecraft:oak_log":41,"minecraft:map":1,"minecraft:dirt":355,"minecraft:paper":11,"born_in_chaos_v1:monster_skin":5,"born_in_chaos_v1:marigolds":1,"minecraft:cooked_mutton":3,"chococraft:chocobo_feather":2,"minecraft:bone":3,"chococraft:gysahl_green":111,"minecraft:wheat_seeds":75,"born_in_chaos_v1:smoked_flesh":2,"justenoughdrugz:coffee_beans":2,"minecraft:oak_planks":10,"regions_unexplored:orange_maple_leaf_pile":2,"minecraft:sweet_berries":35,"born_in_chaos_v1:ethereal_spirit":2,"minecraft:sand":199,"chococraft:gysahl_green_seeds":45,"minecraft:spider_eye":4,"minecraft:bone_meal":3,"born_in_chaos_v1:rotten_fish":8,"minecraft:oak_sapling":9,"minecraft:coal":13},"minecraft:broken":{"minecraft:leather_helmet":1,"minecraft:wooden_shovel":3,"minecraft:leather_leggings":1,"minecraft:stone_axe":1,"minecraft:stone_shovel":2},"minecraft:killed_by":{"born_in_chaos_v1:zombie_clown":1},"minecraft:crafted":{"minecraft:wooden_sword":1,"minecraft:oak_planks":120,"minecraft:stone_shovel":2,"justenoughdrugz:blunt":1,"minecraft:furnace":1,"minecraft:bone_meal":6,"chococraft:chocobo_saddle_bags":1,"minecraft:leather":2,"minecraft:iron_axe":1,"born_in_chaos_v1:fried_maggot":1,"minecraft:stone_pickaxe":1,"minecraft:stone_hoe":1,"minecraft:sugar":2,"minecraft:wooden_shovel":3,"born_in_chaos_v1:mint_candy":2,"minecraft:crafting_table":2,"minecraft:wooden_pickaxe":1,"minecraft:iron_sword":1,"chococraft:chocopedia":1,"minecraft:birch_planks":4,"minecraft:stone_axe":1,"minecraft:air":0,"minecraft:jungle_planks":16,"minecraft:oak_boat":1,"minecraft:wooden_hoe":1,"minecraft:book":1,"minecraft:charcoal":5,"minecraft:stick":48,"minecraft:iron_pickaxe":1,"minecraft:iron_ingot":8,"minecraft:wooden_axe":1,"minecraft:stone_sword":1,"chococraft:chocobo_saddle":1,"minecraft:white_bed":1},"minecraft:dropped":{"minecraft:dirt":2,"minecraft:map":1,"minecraft:jungle_sapling":5,"minecraft:sand":44,"minecraft:paper":11,"minecraft:bone":1,"minecraft:raw_copper":11,"justenoughdrugz:weed_seed":1,"minecraft:rotten_flesh":17,"minecraft:filled_map":1,"minecraft:oak_sapling":1,"minecraft:jungle_log":3,"minecraft:chest":2,"minecraft:spider_eye":4,"regions_unexplored:orange_maple_leaf_pile":2},"minecraft:mined":{"minecraft:farmland":2,"minecraft:jungle_leaves":24,"minecraft:grass_block":183,"minecraft:jungle_log":5,"minecraft:spruce_leaves":4,"minecraft:large_fern":2,"minecraft:tall_seagrass":1,"minecraft:magma_block":6,"minecraft:furnace":2,"minecraft:iron_ore":8,"chococraft:gysahl_green":46,"minecraft:potatoes":1,"justenoughdrugz:coca_plant":2,"minecraft:vine":3,"regions_unexplored:orange_maple_leaf_pile":1,"minecraft:stone":24,"born_in_chaos_v1:marigolds":1,"justenoughdrugz:weed_plant":10,"minecraft:crafting_table":6,"minecraft:chest":2,"minecraft:cobblestone":1,"minecraft:tall_grass":4,"minecraft:copper_ore":6,"minecraft:sugar_cane":5,"minecraft:oak_planks":10,"minecraft:spruce_stairs":2,"minecraft:seagrass":3,"minecraft:birch_log":1,"minecraft:wheat":27,"minecraft:sweet_berry_bush":9,"born_in_chaos_v1:river_mint":23,"minecraft:grass":82,"minecraft:oak_log":41,"minecraft:coal_ore":13,"minecraft:sand":155,"minecraft:dirt":147,"minecraft:oak_leaves":52,"minecraft:fern":15},"minecraft:used":{"minecraft:stone_sword":7,"born_in_chaos_v1:ethereal_spirit":6,"minecraft:stone_shovel":267,"minecraft:chest":2,"minecraft:iron_sword":53,"minecraft:wooden_shovel":171,"born_in_chaos_v1:fried_maggot":1,"minecraft:stone_hoe":64,"minecraft:rotten_flesh":4,"minecraft:dirt":174,"minecraft:mutton":12,"minecraft:fern":1,"born_in_chaos_v1:corpse_maggot":5,"minecraft:wooden_axe":19,"born_in_chaos_v1:smoked_flesh":2,"minecraft:iron_axe":116,"born_in_chaos_v1:mint_candy":2,"minecraft:jungle_log":1,"minecraft:beef":7,"minecraft:sweet_berries":30,"minecraft:oak_sapling":8,"minecraft:furnace":3,"minecraft:potato":3,"minecraft:large_fern":1,"justenoughdrugz:coca_seeds":4,"minecraft:wheat_seeds":30,"minecraft:cooked_mutton":1,"justenoughdrugz:coffee_beans":2,"minecraft:stone_pickaxe":57,"minecraft:oak_planks":46,"minecraft:wooden_pickaxe":10,"minecraft:stonecutter":1,"minecraft:sugar_cane":6,"minecraft:sand":111,"minecraft:crafting_table":7,"minecraft:white_bed":1,"minecraft:wooden_hoe":14,"chococraft:gysahl_green_seeds":9,"minecraft:bread":8,"minecraft:map":1,"minecraft:spruce_sapling":9,"born_in_chaos_v1:marigolds":1,"minecraft:stone_axe":99,"minecraft:cobblestone":1,"born_in_chaos_v1:rotten_fish":3,"born_in_chaos_v1:river_mint":14,"minecraft:porkchop":23,"justenoughdrugz:weed_seed":14,"chococraft:gysahl_green":23,"minecraft:oak_boat":1,"minecraft:bone_meal":9}},"DataVersion":3465}