{"stats":{"minecraft:broken":{"minecraft:stone_axe":1,"minecraft:leather_helmet":1},"minecraft:crafted":{"minecraft:wooden_sword":1,"minecraft:oak_planks":68,"justenoughdrugz:blunt":1,"minecraft:crafting_table":1,"minecraft:wooden_pickaxe":1,"minecraft:iron_sword":1,"minecraft:furnace":1,"minecraft:bone_meal":6,"minecraft:birch_planks":4,"minecraft:stone_axe":1,"minecraft:air":0,"minecraft:leather":2,"minecraft:charcoal":5,"minecraft:iron_axe":1,"born_in_chaos_v1:fried_maggot":1,"minecraft:stick":16,"minecraft:iron_pickaxe":1,"minecraft:iron_ingot":8,"minecraft:stone_pickaxe":1,"minecraft:wooden_axe":1,"minecraft:stone_sword":1,"minecraft:stone_hoe":1},"minecraft:used":{"minecraft:cooked_mutton":1,"minecraft:stone_sword":7,"born_in_chaos_v1:ethereal_spirit":6,"minecraft:stone_pickaxe":50,"minecraft:oak_planks":9,"minecraft:chest":2,"minecraft:wooden_pickaxe":10,"minecraft:iron_sword":41,"minecraft:sugar_cane":3,"minecraft:stonecutter":1,"born_in_chaos_v1:fried_maggot":1,"minecraft:stone_hoe":34,"minecraft:rotten_flesh":4,"minecraft:dirt":36,"minecraft:crafting_table":4,"minecraft:fern":1,"born_in_chaos_v1:corpse_maggot":5,"minecraft:wooden_axe":19,"chococraft:gysahl_green_seeds":5,"minecraft:map":1,"minecraft:iron_axe":27,"minecraft:bread":8,"minecraft:jungle_log":1,"minecraft:spruce_sapling":9,"minecraft:stone_axe":99,"minecraft:cobblestone":1,"born_in_chaos_v1:rotten_fish":2,"minecraft:sweet_berries":15,"born_in_chaos_v1:river_mint":5,"minecraft:furnace":3,"minecraft:oak_sapling":4,"minecraft:porkchop":14,"justenoughdrugz:weed_seed":11,"chococraft:gysahl_green":5,"minecraft:potato":3,"minecraft:bone_meal":9,"minecraft:large_fern":1,"minecraft:wheat_seeds":28},"minecraft:picked_up":{"born_in_chaos_v1:fused_bone":1,"minecraft:birch_log":1,"born_in_chaos_v1:corpse_maggot":13,"minecraft:magma_block":6,"chococraft:loverly_gysahl_green":2,"minecraft:crafting_table":3,"minecraft:wheat":8,"born_in_chaos_v1:river_mint":5,"minecraft:jungle_log":1,"minecraft:salmon":3,"minecraft:potato":1,"minecraft:oak_log":27,"minecraft:string":2,"minecraft:dirt":36,"minecraft:paper":11,"minecraft:raw_copper":11,"born_in_chaos_v1:monster_skin":5,"born_in_chaos_v1:intoxicating_decoction":3,"minecraft:cooked_mutton":3,"minecraft:bone":2,"chococraft:gysahl_green":62,"minecraft:wheat_seeds":41,"born_in_chaos_v1:smoked_flesh":2,"justenoughdrugz:weed_seed":12,"minecraft:sugar_cane":3,"minecraft:chest":4,"minecraft:oak_planks":2,"minecraft:furnace":2,"minecraft:stick":6,"minecraft:raw_iron":8,"justenoughdrugz:weed":3,"minecraft:sweet_berries":17,"born_in_chaos_v1:ethereal_spirit":1,"minecraft:spruce_stairs":2,"minecraft:porkchop":14,"chococraft:gysahl_green_seeds":23,"born_in_chaos_v1:pieceofdarkmetal":1,"born_in_chaos_v1:nightmare_claw":2,"minecraft:rotten_flesh":23,"minecraft:bone_meal":3,"born_in_chaos_v1:rotten_fish":6,"minecraft:oak_sapling":4,"minecraft:mutton":3,"minecraft:coal":13,"minecraft:white_wool":2,"minecraft:cobblestone":23},"minecraft:dropped":{"minecraft:raw_copper":11,"justenoughdrugz:weed_seed":1,"minecraft:rotten_flesh":13,"minecraft:filled_map":1,"minecraft:chest":2,"minecraft:paper":11},"minecraft:killed":{"born_in_chaos_v1:zombie_clown":1,"minecraft:pig":5,"born_in_chaos_v1:baby_skeleton":1,"minecraft:salmon":3,"minecraft:spider":1,"born_in_chaos_v1:siamese_skeletonsright":1,"born_in_chaos_v1:maggot":6,"minecraft:sheep":2,"minecraft:zombie":8,"born_in_chaos_v1:corpse_fly":9,"born_in_chaos_v1:nightmare_stalker":2,"born_in_chaos_v1:corpse_fish":9},"minecraft:mined":{"justenoughdrugz:weed_plant":3,"minecraft:crafting_table":3,"minecraft:grass_block":14,"minecraft:chest":2,"minecraft:copper_ore":6,"minecraft:cobblestone":1,"minecraft:spruce_leaves":4,"minecraft:sugar_cane":1,"minecraft:oak_planks":2,"minecraft:large_fern":2,"minecraft:seagrass":3,"minecraft:spruce_stairs":2,"minecraft:magma_block":6,"minecraft:sweet_berry_bush":9,"minecraft:furnace":2,"minecraft:birch_log":1,"minecraft:iron_ore":8,"minecraft:wheat":14,"born_in_chaos_v1:river_mint":5,"minecraft:grass":16,"minecraft:coal_ore":13,"chococraft:gysahl_green":23,"minecraft:potatoes":1,"minecraft:oak_log":27,"minecraft:dirt":1,"minecraft:stone":22,"minecraft:oak_leaves":12,"minecraft:fern":7},"minecraft:custom":{"minecraft:interact_with_furnace":24,"minecraft:mob_kills":49,"minecraft:interact_with_crafting_table":12,"minecraft:interact_with_campfire":3,"minecraft:interact_with_stonecutter":2,"minecraft:leave_game":2,"minecraft:time_since_death":18297,"minecraft:sleep_in_bed":1,"minecraft:climb_one_cm":722,"minecraft:time_since_rest":18320,"minecraft:sprint_one_cm":353087,"minecraft:damage_taken":2934,"minecraft:walk_one_cm":228209,"minecraft:drop":7,"minecraft:damage_dealt":6681,"minecraft:talked_to_villager":7,"minecraft:swim_one_cm":3470,"minecraft:fly_one_cm":116024,"minecraft:player_kills":1,"minecraft:open_chest":79,"minecraft:crouch_one_cm":2182,"minecraft:play_time":108340,"minecraft:deaths":8,"minecraft:sneak_time":834,"minecraft:walk_under_water_one_cm":507,"minecraft:jump":732,"minecraft:walk_on_water_one_cm":4419,"minecraft:total_world_time":108340,"minecraft:fall_one_cm":16719},"minecraft:killed_by":{"born_in_chaos_v1:zombie_clown":1}},"DataVersion":3465}