{"stats":{"minecraft:mined":{"minecraft:spruce_planks":75,"minecraft:melon":1,"minecraft:jungle_planks":2,"minecraft:tall_grass":1,"minecraft:cobblestone":14,"minecraft:wall_torch":3,"regions_unexplored:redwood_planks":14,"minecraft:grass":16,"chococraft:gysahl_green":3,"minecraft:oak_log":73,"minecraft:coal_ore":7,"minecraft:vine":19,"minecraft:gravel":1,"minecraft:stripped_oak_log":1,"minecraft:bamboo":8,"minecraft:stone":114,"minecraft:oak_leaves":17},"minecraft:crafted":{"minecraft:iron_sword":1,"minecraft:stone_axe":3,"minecraft:iron_boots":1,"minecraft:iron_chestplate":1,"minecraft:stick":16,"minecraft:stone_pickaxe":2,"minecraft:iron_leggings":1,"minecraft:torch":4},"minecraft:picked_up":{"minecraft:stripped_oak_log":1,"born_in_chaos_v1:corpse_maggot":17,"chococraft:loverly_gysahl_green":1,"justenoughdrugz:coca_seeds":1,"minecraft:andesite":19,"minecraft:salmon":1,"minecraft:jungle_log":1,"minecraft:flint":5,"minecraft:oak_log":72,"minecraft:cobblestone_stairs":3,"minecraft:dirt":25,"minecraft:string":3,"minecraft:bone":8,"chococraft:gysahl_green":29,"minecraft:oak_sign":1,"minecraft:wheat_seeds":2,"minecraft:spruce_planks":68,"minecraft:iron_ingot":2,"justenoughdrugz:weed_seed":4,"minecraft:bamboo":46,"regions_unexplored:redwood_planks":188,"minecraft:melon_slice":44,"minecraft:mangrove_planks":8,"minecraft:oak_planks":22,"regions_unexplored:redwood_log":8,"minecraft:torch":5,"minecraft:acacia_log":2,"minecraft:gravel":79,"minecraft:jungle_planks":76,"chococraft:gysahl_green_seeds":14,"minecraft:diorite":7,"minecraft:spider_eye":1,"minecraft:rotten_flesh":22,"minecraft:stone_axe":3,"minecraft:iron_helmet":1,"minecraft:granite":4,"minecraft:emerald":2,"minecraft:baked_potato":8,"born_in_chaos_v1:rotten_fish":1,"minecraft:oak_sapling":1,"born_in_chaos_v1:trident_hayfork":1,"minecraft:coal":83,"minecraft:ender_pearl":1,"minecraft:cobblestone":398,"born_in_chaos_v1:fused_bone":3},"minecraft:dropped":{"minecraft:iron_ingot":2,"minecraft:stone_axe":3,"minecraft:wheat_seeds":1,"minecraft:ender_pearl":1,"born_in_chaos_v1:rotten_fish":1,"minecraft:rotten_flesh":5,"minecraft:cobblestone":43,"minecraft:stripped_oak_log":1,"chococraft:gysahl_green_seeds":13,"regions_unexplored:redwood_planks":51,"minecraft:stick":12,"minecraft:flint":5,"born_in_chaos_v1:monster_flesh":2,"minecraft:jungle_log":1,"minecraft:melon_slice":11,"justenoughdrugz:coca_seeds":1,"minecraft:spider_eye":1,"born_in_chaos_v1:trident_hayfork":1,"minecraft:string":3,"chococraft:gysahl_green":21,"minecraft:bone":5},"minecraft:used":{"born_in_chaos_v1:trident_hayfork":55,"minecraft:stone_pickaxe":192,"minecraft:baked_potato":3,"minecraft:iron_sword":179,"minecraft:salmon":1,"minecraft:torch":9,"regions_unexplored:redwood_planks":22,"minecraft:white_bed":1,"minecraft:oak_log":72,"born_in_chaos_v1:corpse_maggot":2,"born_in_chaos_v1:monster_flesh":3,"minecraft:melon_slice":39,"minecraft:iron_helmet":1,"minecraft:iron_boots":1,"minecraft:gravel":19,"minecraft:stone_axe":206,"minecraft:cobblestone":180,"minecraft:andesite":4,"chococraft:gysahl_green":5,"minecraft:iron_leggings":1},"minecraft:custom":{"minecraft:interact_with_furnace":4,"minecraft:mob_kills":29,"minecraft:interact_with_crafting_table":10,"minecraft:damage_dealt_resisted":707,"minecraft:leave_game":2,"minecraft:time_since_death":43423,"minecraft:sleep_in_bed":2,"minecraft:climb_one_cm":3421,"minecraft:time_since_rest":4852,"minecraft:sprint_one_cm":287343,"minecraft:damage_taken":2070,"minecraft:walk_one_cm":399004,"minecraft:drop":98,"minecraft:damage_dealt":4928,"minecraft:swim_one_cm":2095,"minecraft:fly_one_cm":108613,"minecraft:player_kills":1,"minecraft:open_chest":9,"minecraft:play_time":163637,"minecraft:crouch_one_cm":7795,"minecraft:deaths":5,"minecraft:sneak_time":2721,"minecraft:walk_under_water_one_cm":2200,"minecraft:jump":1231,"minecraft:walk_on_water_one_cm":12057,"minecraft:total_world_time":163637,"minecraft:fall_one_cm":26163},"minecraft:broken":{"minecraft:stone_pickaxe":1,"minecraft:stone_axe":2},"minecraft:killed":{"born_in_chaos_v1:zombie_lumberjack":1,"born_in_chaos_v1:baby_skeleton":1,"born_in_chaos_v1:swarmer":1,"minecraft:spider":3,"born_in_chaos_v1:zombie_bruiser":1,"born_in_chaos_v1:maggot":3,"born_in_chaos_v1:decrepit_skeleton":4,"minecraft:skeleton":2,"born_in_chaos_v1:zombie_fisherman":1,"minecraft:zombie":3,"born_in_chaos_v1:corpse_fly":7}},"DataVersion":3465}