{"stats":{"minecraft:mined":{"minecraft:red_sand":2,"minecraft:acacia_log":14,"minecraft:grass_block":4,"travelersbackpack:white_sleeping_bag":1,"minecraft:sandstone":16,"chococraft:gysahl_green":14,"minecraft:potatoes":3,"minecraft:stone":37,"regions_unexplored:windswept_grass":1,"minecraft:white_wool":1,"minecraft:orange_bed":5,"regions_unexplored:redwood_shrub":1,"regions_unexplored:dead_steppe_shrub":2,"minecraft:acacia_leaves":8,"regions_unexplored:acacia_shrub":2,"minecraft:orange_terracotta":1,"travelersbackpack:standard":1,"minecraft:crafting_table":1,"regions_unexplored:small_desert_shrub":8,"minecraft:chest":9,"minecraft:dead_bush":1,"minecraft:tall_grass":2,"minecraft:wall_torch":3,"regions_unexplored:mallow":1,"minecraft:lime_bed":1,"minecraft:wheat":2,"regions_unexplored:steppe_grass":6,"minecraft:grass":13,"minecraft:coal_ore":11,"regions_unexplored:eucalyptus_log":1,"minecraft:sand":12,"minecraft:dirt":5,"minecraft:oak_leaves":1,"minecraft:fern":1},"minecraft:picked_up":{"minecraft:crafting_table":1,"born_in_chaos_v1:bloody_gadfly_eye":1,"minecraft:string":4,"minecraft:iron_axe":1,"minecraft:red_sand":8,"minecraft:beef":7,"justenoughdrugz:weed_seed":1,"minecraft:chest":11,"minecraft:egg":4,"minecraft:stick":7,"minecraft:sandstone":16,"born_in_chaos_v1:shattered_skull":1,"securitycraft:reinforced_cobblestone":9,"minecraft:torch":4,"minecraft:acacia_log":16,"travelersbackpack:iron_tier_upgrade":1,"minecraft:porkchop":3,"minecraft:cherry_log":4,"born_in_chaos_v1:pieceofdarkmetal":6,"minecraft:carrot":20,"minecraft:orange_bed":5,"minecraft:arrow":5,"minecraft:rotten_flesh":28,"minecraft:tropical_fish":4,"born_in_chaos_v1:wood_splitter_axe":1,"minecraft:hay_block":15,"minecraft:gold_ingot":1,"minecraft:mutton":7,"minecraft:white_wool":6,"minecraft:cobblestone":63,"born_in_chaos_v1:corpse_maggot":40,"minecraft:lime_bed":1,"born_in_chaos_v1:monster_flesh":1,"regions_unexplored:eucalyptus_log":1,"minecraft:leather":6,"minecraft:potato":9,"regions_unexplored:dead_steppe_shrub":7,"minecraft:oak_log":1,"minecraft:dirt":39,"minecraft:orange_terracotta":1,"born_in_chaos_v1:monster_skin":1,"regions_unexplored:mallow":1,"minecraft:cooked_mutton":12,"securitycraft:reinforced_stone_button":1,"minecraft:bone":23,"travelersbackpack:backpack_tank":2,"chococraft:gysahl_green":124,"chococraft:gold_gysahl":6,"minecraft:wheat_seeds":10,"minecraft:iron_ingot":61,"minecraft:acacia_sapling":8,"minecraft:oak_planks":14,"born_in_chaos_v1:ethereal_spirit":3,"minecraft:sand":18,"born_in_chaos_v1:dark_rod":2,"chococraft:gysahl_green_seeds":22,"minecraft:grass_block":1,"travelersbackpack:white_sleeping_bag":2,"travelersbackpack:standard":3,"regions_unexplored:acacia_shrub":4,"minecraft:slime_ball":2,"regions_unexplored:redwood_shrub":1,"minecraft:bread":1,"minecraft:terracotta":6,"minecraft:baked_potato":21,"minecraft:black_wool":1,"minecraft:coal":24,"minecraft:ender_pearl":1},"minecraft:crafted":{"minecraft:cherry_planks":8,"minecraft:oak_planks":4,"minecraft:furnace":1,"minecraft:stone":3,"minecraft:glass":12,"minecraft:iron_boots":1,"minecraft:iron_axe":1,"minecraft:iron_hoe":1,"minecraft:chest":2,"minecraft:wheat":135,"travelersbackpack:iron_tier_upgrade":1,"minecraft:crafting_table":1,"minecraft:iron_helmet":1,"minecraft:baked_potato":5,"travelersbackpack:standard":2,"minecraft:bucket":1,"minecraft:bread":45,"regions_unexplored:eucalyptus_planks":4,"minecraft:iron_chestplate":1,"minecraft:stick":8,"minecraft:iron_pickaxe":2,"minecraft:iron_leggings":1,"minecraft:acacia_planks":8},"minecraft:used":{"born_in_chaos_v1:ethereal_spirit":8,"minecraft:chest":5,"minecraft:orange_bed":5,"minecraft:torch":3,"minecraft:dirt":87,"minecraft:carrot":14,"minecraft:iron_hoe":2,"minecraft:iron_axe":211,"minecraft:furnace":1,"minecraft:potato":13,"minecraft:cooked_mutton":1,"minecraft:wheat_seeds":5,"minecraft:sandstone":7,"minecraft:white_wool":1,"minecraft:crafting_table":1,"born_in_chaos_v1:monster_flesh":1,"minecraft:bread":43,"travelersbackpack:white_sleeping_bag":1,"minecraft:iron_pickaxe":169,"minecraft:cobblestone":23,"travelersbackpack:standard":5,"minecraft:smithing_table":1},"minecraft:dropped":{"minecraft:bread":1,"born_in_chaos_v1:wood_splitter_axe":1,"born_in_chaos_v1:shattered_skull":1,"minecraft:wheat_seeds":4,"chococraft:gold_gysahl":3,"minecraft:cobblestone":2,"minecraft:leather":3,"born_in_chaos_v1:pieceofdarkmetal":6,"travelersbackpack:standard":1,"minecraft:stick":4,"minecraft:torch":1,"born_in_chaos_v1:monster_skin":1,"regions_unexplored:dead_steppe_shrub":6,"minecraft:iron_axe":1,"minecraft:string":1,"minecraft:white_wool":4,"born_in_chaos_v1:ethereal_spirit":2,"justenoughdrugz:weed_seed":1,"regions_unexplored:acacia_shrub":4,"born_in_chaos_v1:corpse_maggot":6,"minecraft:chest":3,"minecraft:acacia_sapling":4,"born_in_chaos_v1:bloody_gadfly_eye":1,"minecraft:red_sand":8,"minecraft:glass":12,"regions_unexplored:redwood_shrub":1,"born_in_chaos_v1:dark_rod":2,"minecraft:egg":4,"minecraft:terracotta":6},"minecraft:custom":{"minecraft:interact_with_smithing_table":3,"minecraft:mob_kills":36,"minecraft:interact_with_crafting_table":21,"minecraft:damage_dealt_resisted":172,"minecraft:leave_game":4,"minecraft:time_since_death":172463,"minecraft:sprint_one_cm":315847,"minecraft:walk_one_cm":211049,"minecraft:drop":39,"minecraft:play_time":172463,"minecraft:sneak_time":416,"minecraft:walk_under_water_one_cm":18249,"minecraft:jump":3047,"minecraft:walk_on_water_one_cm":15579,"minecraft:total_world_time":172463,"minecraft:interact_with_furnace":32,"minecraft:sleep_in_bed":12,"minecraft:time_since_rest":15252,"minecraft:damage_taken":2191,"minecraft:damage_dealt":5514,"minecraft:swim_one_cm":34088,"minecraft:fly_one_cm":572328,"minecraft:open_chest":48,"minecraft:crouch_one_cm":16,"minecraft:fall_one_cm":89774},"minecraft:broken":{"minecraft:iron_axe":1,"minecraft:iron_pickaxe":1},"minecraft:killed":{"born_in_chaos_v1:restless_spirit":1,"born_in_chaos_v1:zombie_lumberjack":1,"born_in_chaos_v1:zombie_bruiser":1,"born_in_chaos_v1:maggot":1,"minecraft:skeleton":5,"minecraft:tropical_fish":4,"minecraft:pig":1,"minecraft:creeper":1,"born_in_chaos_v1:decrepit_skeleton":1,"minecraft:sheep":5,"minecraft:zombie":1,"born_in_chaos_v1:dread_hound":1,"born_in_chaos_v1:corpse_fly":8,"born_in_chaos_v1:dark_vortex":1,"born_in_chaos_v1:door_knight":1,"minecraft:cow":3}},"DataVersion":3465}