{"stats":{"minecraft:mined":{"create:deepslate_zinc_ore":6,"regions_unexplored:redwood_shrub":1,"justenoughdrugz:sulfur_ore":62,"regions_unexplored:salmonberry_bush":4,"minecraft:crafting_table":4,"minecraft:granite":1,"minecraft:grass_block":2,"minecraft:rose_bush":1,"minecraft:tall_grass":3,"minecraft:deepslate_gold_ore":1,"minecraft:diorite":4,"minecraft:large_fern":1,"minecraft:furnace":2,"justenoughdrugz:oil_ore":13,"minecraft:iron_ore":17,"minecraft:stripped_spruce_log":4,"minecraft:grass":5,"minecraft:deepslate_iron_ore":18,"chococraft:gysahl_green":3,"minecraft:oak_log":29,"minecraft:coal_ore":3,"minecraft:gravel":4,"minecraft:dirt":4,"regions_unexplored:medium_grass":1,"minecraft:bamboo":2,"justenoughdrugz:red_phosphorus_block":1,"minecraft:stone":23,"regions_unexplored:redwood_log":7,"regions_unexplored:windswept_grass":10,"create:crimsite":1,"minecraft:deepslate":10,"minecraft:oak_leaves":4,"minecraft:fern":2},"minecraft:used":{"minecraft:stone_sword":25,"minecraft:stone_pickaxe":32,"create:crimsite":1,"minecraft:wooden_pickaxe":34,"regions_unexplored:salmonberry":10,"minecraft:iron_chestplate":1,"minecraft:white_wool":4,"minecraft:dirt":15,"minecraft:crafting_table":8,"minecraft:white_bed":1,"minecraft:chicken":2,"minecraft:bread":3,"minecraft:brown_wool":1,"minecraft:iron_pickaxe":127,"minecraft:gravel":4,"minecraft:stone_axe":94,"minecraft:beef":3,"minecraft:furnace":3,"minecraft:porkchop":3,"minecraft:egg":2,"minecraft:cooked_beef":5},"minecraft:crafted":{"minecraft:cooked_beef":9,"minecraft:oak_planks":52,"minecraft:cooked_porkchop":2,"minecraft:crafting_table":4,"minecraft:spruce_planks":16,"minecraft:wooden_pickaxe":2,"minecraft:cooked_chicken":2,"minecraft:furnace":1,"minecraft:stone_axe":1,"minecraft:air":0,"regions_unexplored:redwood_planks":4,"minecraft:iron_chestplate":1,"minecraft:shield":1,"minecraft:stick":16,"minecraft:iron_ingot":14,"minecraft:iron_pickaxe":1,"minecraft:stone_pickaxe":1,"minecraft:stone_sword":1,"minecraft:white_bed":1},"minecraft:custom":{"minecraft:interact_with_furnace":21,"minecraft:mob_kills":43,"minecraft:interact_with_crafting_table":14,"minecraft:open_barrel":5,"minecraft:leave_game":2,"minecraft:time_since_death":12922,"minecraft:sleep_in_bed":1,"minecraft:climb_one_cm":641,"minecraft:time_since_rest":12950,"minecraft:sprint_one_cm":218157,"minecraft:damage_taken":2887,"minecraft:walk_one_cm":149115,"minecraft:drop":46,"minecraft:damage_dealt":5440,"minecraft:swim_one_cm":25506,"minecraft:fly_one_cm":358230,"minecraft:open_chest":6,"minecraft:crouch_one_cm":7422,"minecraft:play_time":76800,"minecraft:deaths":9,"minecraft:sneak_time":2727,"minecraft:walk_under_water_one_cm":3612,"minecraft:jump":1821,"minecraft:walk_on_water_one_cm":7245,"minecraft:total_world_time":76800,"minecraft:fall_one_cm":70638,"minecraft:horse_one_cm":1360},"minecraft:dropped":{"minecraft:wheat_seeds":5,"minecraft:cobbled_deepslate":8,"born_in_chaos_v1:ethereal_spirit":1,"minecraft:feather":4,"minecraft:rotten_flesh":3,"justenoughdrugz:coffee_beans":1,"minecraft:oak_planks":125,"chococraft:gysahl_green_seeds":2,"minecraft:granite":1,"minecraft:carrot":1,"minecraft:stick":1,"mca:book_romance":1,"minecraft:diorite":8,"minecraft:rose_bush":1,"minecraft:chain":4,"minecraft:wooden_pickaxe":1,"minecraft:stone_pickaxe":1,"regions_unexplored:redwood_shrub":1,"chococraft:gysahl_green":5,"justenoughdrugz:red_phosphorus":3},"minecraft:broken":{"minecraft:stone_axe":1},"minecraft:killed":{"minecraft:pig":6,"born_in_chaos_v1:restless_spirit":4,"born_in_chaos_v1:door_knight_not_despawn":1,"born_in_chaos_v1:maggot":1,"minecraft:sheep":8,"minecraft:skeleton":2,"born_in_chaos_v1:bloody_gadfly":1,"minecraft:zombie":2,"minecraft:chicken":4,"minecraft:cow":12},"minecraft:picked_up":{"born_in_chaos_v1:corpse_maggot":1,"minecraft:crafting_table":4,"minecraft:feather":4,"minecraft:chicken":4,"minecraft:brown_wool":1,"minecraft:leather":11,"create:raw_zinc":6,"minecraft:oak_log":28,"minecraft:chain":4,"justenoughdrugz:red_phosphorus":3,"minecraft:dirt":25,"chococraft:gysahl_green":7,"minecraft:wheat_seeds":5,"minecraft:cobbled_deepslate":8,"minecraft:raw_gold":1,"minecraft:iron_ingot":2,"minecraft:beef":24,"minecraft:rose_bush":1,"minecraft:bamboo":14,"justenoughdrugz:coffee_beans":1,"minecraft:furnace":2,"regions_unexplored:redwood_log":7,"minecraft:egg":2,"justenoughdrugz:sulfur":64,"minecraft:raw_iron":38,"regions_unexplored:salmonberry":7,"justenoughdrugz:unrefined_oil":13,"born_in_chaos_v1:ethereal_spirit":4,"minecraft:gravel":4,"minecraft:porkchop":16,"minecraft:stripped_spruce_log":4,"chococraft:gysahl_green_seeds":2,"minecraft:diorite":8,"minecraft:carrot":1,"minecraft:arrow":3,"create:crimsite":1,"minecraft:rotten_flesh":3,"regions_unexplored:redwood_shrub":1,"minecraft:granite":1,"minecraft:bread":23,"minecraft:mutton":10,"minecraft:coal":4,"minecraft:white_wool":7,"minecraft:cobblestone":23}},"DataVersion":3465}