{"stats":{"minecraft:mined":{"create:deepslate_zinc_ore":6,"regions_unexplored:salmonberry_bush":4,"minecraft:spruce_planks":1,"minecraft:stone_pressure_plate":1,"minecraft:white_bed":1,"minecraft:granite":20,"minecraft:red_sand":24,"minecraft:acacia_log":8,"born_in_chaos_v1:dark_metal_deposit":4,"minecraft:grass_block":31,"minecraft:bamboo_block":13,"regions_unexplored:blue_bioshroom_block":1,"minecraft:spawner":6,"minecraft:iron_ore":67,"minecraft:fire":1,"born_in_chaos_v1:black_argillite_brick_stairs":1,"regions_unexplored:redwood_planks":10,"chococraft:gysahl_green":22,"justenoughdrugz:red_phosphorus_block":19,"minecraft:iron_block":2,"minecraft:orange_bed":3,"regions_unexplored:dead_steppe_shrub":7,"minecraft:deepslate_redstone_ore":12,"minecraft:cut_sandstone":6,"minecraft:bamboo_stairs":5,"minecraft:orange_terracotta":1,"create:schematicannon":1,"born_in_chaos_v1:infected_deepslate_diamond_ore":3,"regions_unexplored:peat_grass_block":4,"regions_unexplored:small_desert_shrub":10,"minecraft:chest":7,"minecraft:cobblestone":75,"minecraft:oak_planks":11,"minecraft:sugar_cane":6,"minecraft:wall_torch":3,"minecraft:skeleton_skull":2,"minecraft:chain":2,"minecraft:dark_oak_slab":1,"minecraft:bamboo_planks":20,"justenoughdrugz:lithium_ore":41,"minecraft:tnt":9,"regions_unexplored:steppe_grass":3,"minecraft:grass":70,"minecraft:oak_log":29,"regions_unexplored:peat_dirt":1,"minecraft:sand":26,"minecraft:dirt":141,"create:crimsite":1,"minecraft:oak_leaves":6,"minecraft:deepslate":91,"create:zinc_ore":15,"minecraft:diamond_ore":1,"minecraft:tuff":1,"justenoughdrugz:sulfur_ore":66,"minecraft:deepslate_diamond_ore":6,"regions_unexplored:dusktrap":1,"minecraft:dark_oak_log":1,"minecraft:crimson_roots":1,"minecraft:spruce_leaves":1,"minecraft:sandstone":1,"born_in_chaos_v1:gnawed_bones":1,"minecraft:large_fern":4,"minecraft:hay_block":15,"minecraft:furnace":15,"minecraft:carrots":12,"justenoughdrugz:oil_ore":13,"minecraft:andesite":63,"minecraft:stripped_spruce_log":4,"minecraft:bookshelf":4,"minecraft:potatoes":21,"minecraft:deepslate_iron_ore":51,"regions_unexplored:ash_vent":3,"regions_unexplored:medium_grass":8,"minecraft:bamboo":119,"regions_unexplored:small_oak_log":1,"minecraft:stone":1191,"regions_unexplored:redwood_log":7,"regions_unexplored:windswept_grass":17,"minecraft:smithing_table":2,"regions_unexplored:redwood_shrub":1,"minecraft:acacia_leaves":5,"minecraft:glass_pane":2,"regions_unexplored:blackwood_planks":3,"minecraft:basalt":2,"travelersbackpack:standard":1,"minecraft:crafting_table":14,"minecraft:rose_bush":1,"regions_unexplored:blackwood_log":1,"minecraft:tall_grass":98,"born_in_chaos_v1:chipped_black_argillite_brick":4,"minecraft:deepslate_gold_ore":14,"minecraft:diorite":15,"create:schematic_table":1,"minecraft:purple_bed":1,"minecraft:bamboo_trapdoor":4,"minecraft:coal_ore":114,"minecraft:gravel":11,"regions_unexplored:blackwood_shrub":1,"minecraft:cobweb":2,"minecraft:terracotta":7,"minecraft:fern":4,"minecraft:dark_oak_planks":1},"minecraft:crafted":{"minecraft:oak_planks":116,"travelersbackpack:iron":3,"travelersbackpack:crafting_upgrade":1,"minecraft:cooked_chicken":2,"minecraft:stone":9,"securitycraft:keypad_item":1,"minecraft:heavy_weighted_pressure_plate":1,"minecraft:cooked_mutton":23,"minecraft:bamboo_block":89,"securitycraft:laser_block":1,"minecraft:glass":38,"minecraft:iron_boots":1,"minecraft:chest":12,"travelersbackpack:iron_tier_upgrade":1,"minecraft:cooked_porkchop":16,"minecraft:crafting_table":5,"minecraft:spruce_planks":16,"securitycraft:reinforced_stone_button":9,"minecraft:iron_helmet":1,"minecraft:wooden_pickaxe":2,"minecraft:baked_potato":42,"travelersbackpack:standard":1,"minecraft:smithing_table":1,"minecraft:bamboo_planks":108,"minecraft:iron_chestplate":2,"minecraft:shield":1,"minecraft:stick":62,"minecraft:iron_ingot":68,"minecraft:iron_pickaxe":9,"minecraft:stone_sword":1,"minecraft:gold_ingot":2,"securitycraft:universal_block_reinforcer_lvl1":1,"regions_unexplored:blackwood_planks":4,"minecraft:furnace":5,"travelersbackpack:blank_upgrade":4,"minecraft:glass_pane":16,"minecraft:bamboo_stairs":8,"travelersbackpack:white_sleeping_bag":2,"minecraft:stone_pickaxe":1,"minecraft:redstone_block":1,"minecraft:dark_oak_planks":8,"minecraft:cooked_beef":27,"travelersbackpack:backpack_tank":6,"minecraft:iron_sword":3,"minecraft:bucket":1,"minecraft:stone_axe":1,"minecraft:jungle_planks":8,"minecraft:air":0,"minecraft:bamboo_slab":6,"regions_unexplored:redwood_planks":28,"minecraft:iron_shovel":2,"minecraft:iron_leggings":2,"minecraft:white_bed":1,"minecraft:acacia_planks":32,"minecraft:torch":40,"minecraft:bamboo_trapdoor":8},"minecraft:picked_up":{"regions_unexplored:small_oak_log":1,"chococraft:loverly_gysahl_green":2,"minecraft:wheat":4,"minecraft:smithing_table":2,"justenoughdrugz:unrefined_lithium":40,"justenoughdrugz:red_phosphorus":66,"minecraft:string":41,"minecraft:red_sand":21,"minecraft:cobbled_deepslate":93,"minecraft:spruce_planks":1,"minecraft:rose_bush":1,"minecraft:iron_pickaxe":1,"born_in_chaos_v1:stimulating_decoction":4,"regions_unexplored:blackwood_log":3,"minecraft:furnace":15,"regions_unexplored:redwood_log":7,"minecraft:tipped_arrow":7,"regions_unexplored:blackwood_planks":3,"minecraft:stick":8,"born_in_chaos_v1:shattered_skull":1,"born_in_chaos_v1:phantom_powder":1,"minecraft:torch":14,"minecraft:acacia_log":8,"minecraft:porkchop":16,"minecraft:diorite":23,"create:schematicannon":1,"travelersbackpack:iron":1,"minecraft:orange_bed":3,"minecraft:bamboo_block":13,"minecraft:cactus":2,"minecraft:rotten_flesh":86,"minecraft:iron_block":2,"minecraft:cobblestone":1458,"minecraft:feather":4,"minecraft:andesite":60,"minecraft:jungle_log":2,"minecraft:brown_wool":1,"minecraft:potato":69,"regions_unexplored:dead_steppe_shrub":5,"create:raw_zinc":21,"minecraft:dirt":207,"minecraft:glass":24,"minecraft:bone":75,"minecraft:acacia_planks":2,"minecraft:bow":2,"minecraft:wheat_seeds":25,"minecraft:raw_gold":15,"justenoughdrugz:coffee_beans":1,"minecraft:bamboo":859,"regions_unexplored:blackwood_shrub":1,"minecraft:oak_planks":11,"regions_unexplored:salmonberry":7,"minecraft:poisonous_potato":1,"minecraft:sand":47,"minecraft:stripped_spruce_log":4,"securitycraft:reinforced_stone":9,"minecraft:dark_oak_log":2,"create:crimsite":1,"born_in_chaos_v1:fire_dust":9,"minecraft:diamond":7,"regions_unexplored:redwood_shrub":1,"minecraft:granite":13,"minecraft:bread":23,"born_in_chaos_v1:rotten_fish":2,"minecraft:light_gray_carpet":18,"minecraft:crimson_roots":1,"minecraft:crafting_table":14,"born_in_chaos_v1:diamond_termite_shard":6,"minecraft:chicken":4,"born_in_chaos_v1:seedof_chaos":3,"minecraft:wooden_pickaxe":1,"create:schematic_table":1,"minecraft:chain":8,"minecraft:shield":1,"minecraft:iron_axe":1,"born_in_chaos_v1:intoxicating_decoction":3,"minecraft:beef":32,"born_in_chaos_v1:gnawed_bones":2,"justenoughdrugz:weed_seed":1,"regions_unexplored:redwood_planks":10,"minecraft:sugar_cane":17,"minecraft:chest":8,"minecraft:egg":2,"minecraft:raw_iron":158,"minecraft:sandstone":1,"regions_unexplored:ash_vent":3,"securitycraft:reinforced_cobblestone":18,"born_in_chaos_v1:pieceofdarkmetal":11,"minecraft:carrot":65,"minecraft:redstone":57,"minecraft:prismarine_crystals":3,"minecraft:stone_pressure_plate":1,"minecraft:dark_oak_planks":1,"minecraft:tnt":9,"regions_unexplored:dusktrap":1,"minecraft:arrow":50,"minecraft:weeping_vines":2,"born_in_chaos_v1:wood_splitter_axe":2,"minecraft:hay_block":15,"born_in_chaos_v1:spiny_shell":4,"minecraft:mutton":16,"minecraft:skeleton_skull":6,"minecraft:white_wool":15,"minecraft:bamboo_stairs":5,"born_in_chaos_v1:corpse_maggot":19,"regions_unexplored:peat_dirt":21,"minecraft:basalt":2,"born_in_chaos_v1:monster_flesh":1,"minecraft:cut_sandstone":9,"minecraft:leather":21,"minecraft:oak_log":29,"minecraft:gunpowder":4,"minecraft:orange_terracotta":1,"minecraft:red_carpet":23,"chococraft:gysahl_green":149,"minecraft:iron_ingot":66,"born_in_chaos_v1:chipped_black_argillite_brick":1,"minecraft:iron_sword":2,"minecraft:acacia_sapling":8,"minecraft:book":14,"justenoughdrugz:sulfur":68,"minecraft:oak_slab":1,"minecraft:dark_oak_slab":3,"minecraft:bamboo_planks":20,"born_in_chaos_v1:orbofthe_summoner":1,"born_in_chaos_v1:ethereal_spirit":10,"minecraft:gravel":7,"justenoughdrugz:unrefined_oil":13,"born_in_chaos_v1:dark_rod":1,"chococraft:gysahl_green_seeds":46,"create:schematic":1,"minecraft:white_bed":2,"minecraft:spider_eye":13,"travelersbackpack:standard":1,"minecraft:purple_bed":1,"minecraft:bamboo_trapdoor":4,"minecraft:terracotta":10,"minecraft:black_wool":1,"minecraft:coal":302},"minecraft:used":{"minecraft:iron_shovel":124,"minecraft:chest":17,"minecraft:shield":101,"minecraft:iron_sword":546,"regions_unexplored:salmonberry":10,"minecraft:iron_chestplate":2,"securitycraft:keypad_item":1,"minecraft:carrot":17,"travelersbackpack:iron":28,"minecraft:iron_helmet":1,"minecraft:furnace":20,"minecraft:egg":2,"minecraft:potato":21,"minecraft:bamboo_trapdoor":12,"minecraft:diorite":15,"minecraft:stone_pickaxe":32,"minecraft:oak_planks":46,"create:crimsite":1,"minecraft:wooden_pickaxe":34,"minecraft:white_wool":4,"minecraft:bamboo_stairs":11,"minecraft:sand":2,"regions_unexplored:redwood_planks":20,"minecraft:bread":88,"minecraft:brown_wool":1,"minecraft:gravel":7,"regions_unexplored:blackwood_planks":3,"minecraft:smithing_table":2,"minecraft:andesite":8,"chococraft:gysahl_green":4,"minecraft:stone_sword":132,"minecraft:light_gray_carpet":1,"minecraft:spruce_planks":1,"minecraft:cooked_chicken":2,"minecraft:orange_bed":2,"minecraft:torch":26,"minecraft:dirt":64,"minecraft:dark_oak_planks":9,"minecraft:iron_axe":301,"minecraft:bamboo":53,"minecraft:beef":3,"minecraft:cooked_beef":9,"minecraft:cobbled_deepslate":85,"minecraft:bamboo_planks":88,"minecraft:iron_leggings":1,"regions_unexplored:blackwood_log":2,"minecraft:water_bucket":19,"regions_unexplored:peat_dirt":3,"minecraft:crafting_table":17,"minecraft:bamboo_block":45,"minecraft:white_bed":2,"chococraft:gysahl_green_seeds":15,"minecraft:chicken":2,"minecraft:iron_pickaxe":1950,"minecraft:stone_axe":94,"minecraft:cobblestone":174,"minecraft:purple_bed":1,"travelersbackpack:standard":6,"minecraft:porkchop":3,"minecraft:cooked_porkchop":9,"minecraft:bucket":20,"born_in_chaos_v1:wood_splitter_axe":76},"minecraft:dropped":{"securitycraft:reinforced_stone_button":1,"minecraft:iron_sword":2,"chococraft:loverly_gysahl_green":2,"minecraft:baked_potato":21,"minecraft:golden_pickaxe":1,"minecraft:dark_oak_slab":1,"minecraft:weeping_vines":2,"minecraft:leather":2,"minecraft:red_carpet":23,"minecraft:dirt":32,"minecraft:crimson_roots":1,"minecraft:cut_sandstone":4,"minecraft:chain":4,"minecraft:sand":7,"minecraft:iron_pickaxe":1,"travelersbackpack:backpack_tank":2,"minecraft:white_wool":2,"minecraft:gold_ingot":1,"minecraft:bone":7,"minecraft:sugar_cane":5,"minecraft:cobbled_deepslate":8,"born_in_chaos_v1:ethereal_spirit":2,"minecraft:rotten_flesh":78,"minecraft:oak_planks":139,"minecraft:light_gray_carpet":3,"minecraft:cooked_mutton":12,"regions_unexplored:redwood_planks":1,"minecraft:white_bed":1,"minecraft:carrot":48,"travelersbackpack:iron":1,"regions_unexplored:peat_dirt":17,"minecraft:tipped_arrow":3,"minecraft:gunpowder":4,"travelersbackpack:white_sleeping_bag":1,"minecraft:acacia_sapling":6,"minecraft:basalt":2,"minecraft:arrow":2,"minecraft:glass":13,"minecraft:iron_ingot":50,"minecraft:oak_slab":1,"born_in_chaos_v1:wood_splitter_axe":1,"minecraft:wheat_seeds":24,"minecraft:poisonous_potato":1,"minecraft:feather":4,"minecraft:cobblestone":278,"justenoughdrugz:coffee_beans":1,"chococraft:gysahl_green_seeds":31,"minecraft:granite":1,"minecraft:coal":2,"regions_unexplored:blackwood_shrub":1,"minecraft:stick":23,"regions_unexplored:small_oak_log":1,"born_in_chaos_v1:gnawed_bones":1,"mca:book_romance":1,"minecraft:diorite":8,"minecraft:torch":6,"minecraft:rose_bush":1,"regions_unexplored:dusktrap":1,"regions_unexplored:dead_steppe_shrub":5,"minecraft:string":37,"justenoughdrugz:red_phosphorus":3,"minecraft:acacia_planks":8,"minecraft:raw_iron":11,"born_in_chaos_v1:rotten_fish":2,"securitycraft:reinforced_cobblestone":18,"minecraft:flint_and_steel":1,"minecraft:hay_block":15,"justenoughdrugz:sulfur":4,"minecraft:orange_terracotta":1,"minecraft:stone_pressure_plate":1,"minecraft:spider_eye":13,"minecraft:sandstone":1,"minecraft:red_sand":1,"minecraft:bow":1,"minecraft:stone_pickaxe":1,"minecraft:wooden_pickaxe":1,"regions_unexplored:redwood_shrub":1,"chococraft:gysahl_green":134,"minecraft:black_wool":1,"minecraft:terracotta":4},"minecraft:custom":{"minecraft:interact_with_crafting_table":75,"minecraft:open_barrel":61,"minecraft:leave_game":8,"minecraft:time_since_death":128649,"minecraft:sprint_one_cm":1351046,"minecraft:damage_blocked_by_shield":1885,"minecraft:drop":258,"minecraft:talked_to_villager":1,"minecraft:play_time":554770,"minecraft:deaths":47,"minecraft:jump":9843,"minecraft:interact_with_brewingstand":6,"minecraft:walk_on_water_one_cm":44417,"minecraft:interact_with_furnace":127,"minecraft:sleep_in_bed":6,"minecraft:damage_dealt":40998,"minecraft:crouch_one_cm":49519,"minecraft:horse_one_cm":1472,"minecraft:interact_with_smithing_table":3,"minecraft:mob_kills":255,"minecraft:damage_dealt_resisted":4008,"minecraft:climb_one_cm":2477,"minecraft:walk_one_cm":1303056,"minecraft:sneak_time":14700,"minecraft:walk_under_water_one_cm":17527,"minecraft:total_world_time":554770,"minecraft:time_since_rest":2233,"minecraft:damage_taken":16554,"minecraft:swim_one_cm":92641,"minecraft:fly_one_cm":1852297,"minecraft:open_chest":198,"minecraft:fall_one_cm":249048},"minecraft:broken":{"minecraft:iron_boots":1,"minecraft:iron_chestplate":1,"minecraft:iron_leggings":2,"minecraft:stone_axe":1,"minecraft:iron_sword":1,"minecraft:stone_sword":1,"minecraft:iron_pickaxe":7},"minecraft:killed":{"minecraft:cave_spider":17,"born_in_chaos_v1:restless_spirit":7,"born_in_chaos_v1:zombie_lumberjack":2,"born_in_chaos_v1:door_knight_not_despawn":2,"minecraft:spider":23,"born_in_chaos_v1:baby_skeleton_minion":2,"minecraft:skeleton":10,"minecraft:chicken":4,"born_in_chaos_v1:firelight_not_despawn":6,"minecraft:pig":6,"born_in_chaos_v1:diamond_termite":5,"minecraft:creeper":3,"minecraft:sheep":12,"minecraft:zombie":27,"born_in_chaos_v1:dread_hound":1,"born_in_chaos_v1:corpse_fly":16,"minecraft:stray":10,"minecraft:cow":17,"mca:female_zombie_villager":1,"minecraft:vex":1,"born_in_chaos_v1:zombie_clown_not_despawn":3,"born_in_chaos_v1:skeleton_thrasher_not_despawn":1,"born_in_chaos_v1:thornshell_crab":1,"born_in_chaos_v1:zombie_bruiser":1,"born_in_chaos_v1:maggot":16,"minecraft:phantom":1,"minecraft:drowned":1,"born_in_chaos_v1:corpse_fish":1,"born_in_chaos_v1:barrel_zombie":1,"born_in_chaos_v1:spiritof_chaos":2,"born_in_chaos_v1:fallen_chaos_knight":1,"born_in_chaos_v1:bone_imp_minion":26,"born_in_chaos_v1:baby_skeleton":2,"born_in_chaos_v1:swarmer":3,"born_in_chaos_v1:decrepit_skeleton":9,"born_in_chaos_v1:bloody_gadfly":3,"born_in_chaos_v1:dark_vortex":1,"minecraft:enderman":1},"minecraft:killed_by":{"minecraft:vex":2}},"DataVersion":3465}