{"stats":{"minecraft:used":{"minecraft:netherite_sword":10,"minecraft:dirt_path":10,"securitycraft:reinforced_grass_path":12,"securitycraft:reinforced_cobblestone":82,"securitycraft:reinforced_moss_carpet":2,"minecraft:deepslate_bricks":4,"securitycraft:reinforced_glass_pane":16,"minecraft:torch":2,"minecraft:dirt":20,"securitycraft:reinforced_stone_bricks":134,"minecraft:spruce_log":16,"minecraft:command_block":10,"securitycraft:reinforced_chiseled_stone_bricks":91,"minecraft:grass_block":2,"securitycraft:reinforced_spruce_stairs":123,"minecraft:stone_bricks":10,"securitycraft:reinforced_lantern":13,"securitycraft:sentry":5,"minecraft:chiseled_stone_bricks":6,"minecraft:glowstone":32,"minecraft:cobblestone":4,"securitycraft:reinforced_dark_oak_wood":4,"securitycraft:reinforced_glass":43,"minecraft:beetroot_seeds":1,"securitycraft:reinforced_birch_planks":1,"securitycraft:reinforced_oak_log":160},"minecraft:picked_up":{"minecraft:wheat":1,"minecraft:azure_bluet":1,"securitycraft:reinforced_lantern":1,"minecraft:potato":4,"minecraft:dirt":22,"born_in_chaos_v1:marigolds":3,"chococraft:gysahl_green":18,"minecraft:beetroot":4,"chococraft:gold_gysahl":1,"minecraft:wheat_seeds":39,"minecraft:poppy":1,"minecraft:stick":4,"minecraft:torch":1,"minecraft:dandelion":3,"chococraft:gysahl_green_seeds":8,"minecraft:carrot":4,"minecraft:arrow":2,"minecraft:beetroot_seeds":7,"minecraft:hay_block":11,"minecraft:bread":3},"minecraft:killed":{"minecraft:spider":1,"minecraft:skeleton":1,"mca:female_villager":2},"minecraft:dropped":{"minecraft:wheat_seeds":2,"minecraft:beetroot":3,"minecraft:stick":4,"minecraft:dirt":2},"minecraft:mined":{"born_in_chaos_v1:marigolds":3,"minecraft:dandelion":5,"minecraft:glow_lichen":2,"minecraft:torch":1,"minecraft:grass_block":9,"minecraft:poppy":1,"minecraft:dead_bush":4,"minecraft:tall_grass":3,"minecraft:wall_torch":1,"minecraft:hay_block":11,"minecraft:azure_bluet":1,"minecraft:grass":173,"chococraft:gysahl_green":10,"minecraft:beetroots":1,"minecraft:dirt_path":1,"minecraft:dirt":12,"minecraft:oak_leaves":2},"minecraft:custom":{"minecraft:mob_kills":4,"minecraft:bell_ring":2,"minecraft:leave_game":8,"minecraft:time_since_death":9360,"minecraft:climb_one_cm":299,"minecraft:time_since_rest":9391,"minecraft:sprint_one_cm":121052,"minecraft:damage_taken":2720,"minecraft:walk_one_cm":226178,"minecraft:drop":11,"minecraft:damage_dealt":1060,"minecraft:swim_one_cm":22363,"minecraft:fly_one_cm":695992,"minecraft:open_chest":2,"minecraft:crouch_one_cm":2070,"minecraft:play_time":157940,"minecraft:sneak_time":1335,"minecraft:deaths":11,"minecraft:walk_under_water_one_cm":1749,"minecraft:jump":1575,"minecraft:walk_on_water_one_cm":5725,"minecraft:total_world_time":157940,"minecraft:fall_one_cm":42933},"minecraft:killed_by":{"minecraft:husk":1,"born_in_chaos_v1:restless_spirit":1,"minecraft:zombie":2,"born_in_chaos_v1:fallen_chaos_knight":1,"born_in_chaos_v1:door_knight":1,"born_in_chaos_v1:skeleton_demoman":1}},"DataVersion":3465}