{"stats":{"minecraft:mined":{"minecraft:glow_lichen":2,"minecraft:grass":7,"minecraft:grass_block":7,"minecraft:beetroots":1,"minecraft:dead_bush":4,"minecraft:dirt":9,"minecraft:tall_grass":1,"minecraft:oak_leaves":2,"minecraft:wall_torch":1},"minecraft:used":{"securitycraft:reinforced_cobblestone":24,"securitycraft:reinforced_chiseled_stone_bricks":20,"minecraft:stone_bricks":10,"minecraft:deepslate_bricks":4,"securitycraft:reinforced_stone_bricks":49,"minecraft:chiseled_stone_bricks":6,"minecraft:dirt":15,"minecraft:cobblestone":4,"securitycraft:reinforced_dark_oak_wood":4,"minecraft:beetroot_seeds":1,"minecraft:spruce_log":16,"securitycraft:reinforced_oak_log":50},"minecraft:killed_by":{"minecraft:husk":1,"born_in_chaos_v1:fallen_chaos_knight":1,"born_in_chaos_v1:restless_spirit":1,"born_in_chaos_v1:door_knight":1,"minecraft:zombie":2,"born_in_chaos_v1:skeleton_demoman":1},"minecraft:dropped":{"minecraft:dirt":1,"minecraft:wheat_seeds":2,"minecraft:beetroot":3,"minecraft:stick":4},"minecraft:killed":{"minecraft:skeleton":1,"minecraft:spider":1},"minecraft:picked_up":{"minecraft:stick":4,"minecraft:torch":1,"minecraft:dirt":16,"minecraft:arrow":2,"minecraft:beetroot":3,"minecraft:beetroot_seeds":4,"minecraft:wheat_seeds":4},"minecraft:custom":{"minecraft:time_since_rest":13207,"minecraft:sprint_one_cm":69373,"minecraft:damage_taken":2550,"minecraft:walk_one_cm":60127,"minecraft:mob_kills":2,"minecraft:drop":10,"minecraft:damage_dealt":489,"minecraft:swim_one_cm":20425,"minecraft:fly_one_cm":463273,"minecraft:open_chest":1,"minecraft:crouch_one_cm":1551,"minecraft:play_time":51261,"minecraft:bell_ring":2,"minecraft:deaths":10,"minecraft:sneak_time":859,"minecraft:walk_under_water_one_cm":1225,"minecraft:jump":916,"minecraft:leave_game":5,"minecraft:walk_on_water_one_cm":5454,"minecraft:time_since_death":13180,"minecraft:climb_one_cm":299,"minecraft:total_world_time":51261,"minecraft:fall_one_cm":28168}},"DataVersion":3465}