{"stats":{"minecraft:mined":{"minecraft:spruce_planks":74,"minecraft:cobblestone_stairs":16,"minecraft:granite":5,"minecraft:grass_block":37,"minecraft:jungle_log":37,"minecraft:oak_wall_sign":1,"minecraft:iron_ore":6,"regions_unexplored:redwood_planks":27,"minecraft:pumpkin":1,"minecraft:azure_bluet":1,"chococraft:gysahl_green":35,"justenoughdrugz:coca_plant":3,"minecraft:dirt_path":1,"minecraft:oak_stairs":1,"minecraft:spruce_slab":1,"minecraft:brown_mushroom":1,"minecraft:melon_stem":12,"minecraft:clay":1,"minecraft:torch":10,"minecraft:poppy":1,"minecraft:melon":30,"minecraft:dead_bush":4,"minecraft:cobblestone":42,"minecraft:oak_planks":2,"minecraft:wall_torch":24,"minecraft:wheat":1,"minecraft:stone_brick_stairs":1,"minecraft:grass":195,"minecraft:oak_log":102,"minecraft:beetroots":1,"minecraft:dirt":246,"minecraft:oak_leaves":53,"minecraft:glow_lichen":2,"minecraft:stone_button":1,"minecraft:spruce_fence":1,"minecraft:jungle_planks":125,"born_in_chaos_v1:gnawed_bones":1,"minecraft:hay_block":13,"minecraft:carrots":21,"minecraft:andesite":22,"minecraft:potatoes":117,"minecraft:vine":6,"regions_unexplored:medium_grass":1,"minecraft:bamboo":2,"minecraft:stone":800,"regions_unexplored:redwood_log":43,"minecraft:podzol":15,"minecraft:oak_slab":1,"born_in_chaos_v1:marigolds":3,"justenoughdrugz:weed_plant":2,"minecraft:dandelion":5,"minecraft:oak_fence":1,"minecraft:crafting_table":5,"minecraft:tall_grass":3,"minecraft:copper_ore":1,"minecraft:diorite":7,"minecraft:spruce_log":1,"minecraft:coal_ore":91,"minecraft:gravel":105,"minecraft:stone_bricks":21,"minecraft:fern":3},"minecraft:crafted":{"minecraft:oak_planks":96,"minecraft:oak_sign":3,"minecraft:stone":239,"minecraft:cobblestone_stairs":12,"minecraft:melon_seeds":31,"minecraft:stone_pressure_plate":1,"minecraft:chest":4,"minecraft:stone_bricks":236,"minecraft:crafting_table":5,"minecraft:spruce_planks":4,"minecraft:wooden_pickaxe":2,"minecraft:baked_potato":37,"minecraft:iron_helmet":1,"minecraft:stone_brick_stairs":4,"minecraft:wooden_hoe":1,"minecraft:iron_chestplate":1,"minecraft:stick":80,"minecraft:iron_ingot":27,"minecraft:iron_pickaxe":2,"minecraft:stone_sword":1,"minecraft:stone_shovel":1,"born_in_chaos_v1:nightmare_mantleofthe_night_boots":1,"minecraft:furnace":5,"minecraft:stone_button":1,"minecraft:bone_meal":72,"minecraft:spruce_fence":21,"born_in_chaos_v1:spiny_shell_armor_helmet":1,"minecraft:iron_axe":1,"minecraft:spruce_slab":78,"minecraft:stone_pickaxe":5,"minecraft:cobblestone_wall":18,"minecraft:dark_oak_planks":8,"minecraft:wheat":108,"minecraft:iron_sword":1,"minecraft:cooked_salmon":3,"minecraft:mangrove_planks":8,"minecraft:bucket":1,"minecraft:stone_axe":5,"minecraft:jungle_planks":148,"minecraft:bread":33,"minecraft:air":0,"regions_unexplored:redwood_planks":140,"minecraft:oak_stairs":4,"minecraft:wooden_axe":1,"minecraft:iron_shovel":1,"minecraft:iron_leggings":1,"minecraft:acacia_planks":4,"minecraft:torch":72},"minecraft:picked_up":{"minecraft:wooden_axe":1,"chococraft:loverly_gysahl_green":2,"minecraft:wheat":6,"justenoughdrugz:coca_seeds":3,"securitycraft:reinforced_lantern":1,"minecraft:oak_stairs":1,"minecraft:stone_brick_stairs":1,"born_in_chaos_v1:bloody_gadfly_eye":1,"minecraft:string":18,"minecraft:oak_sign":2,"minecraft:beetroot":4,"minecraft:spruce_planks":79,"minecraft:melon_slice":150,"minecraft:mangrove_log":2,"regions_unexplored:redwood_log":55,"minecraft:stick":16,"born_in_chaos_v1:shattered_skull":4,"minecraft:oak_fence":1,"minecraft:torch":42,"minecraft:acacia_log":1,"securitycraft:camera_monitor":1,"born_in_chaos_v1:nightmare_claw":1,"minecraft:diorite":14,"minecraft:rotten_flesh":154,"minecraft:cobblestone":988,"minecraft:feather":3,"minecraft:andesite":41,"minecraft:jungle_log":43,"minecraft:potato":291,"minecraft:flint":21,"securitycraft:sentry":1,"minecraft:dirt":330,"born_in_chaos_v1:marigolds":3,"born_in_chaos_v1:monster_skin":9,"minecraft:bone":40,"minecraft:bow":1,"minecraft:wheat_seeds":102,"minecraft:bamboo":157,"minecraft:oak_planks":24,"minecraft:jungle_planks":216,"minecraft:sand":16,"minecraft:grass_block":1,"minecraft:dark_oak_log":2,"minecraft:granite":8,"minecraft:emerald":4,"minecraft:bread":10,"minecraft:oak_sapling":2,"born_in_chaos_v1:rotten_fish":2,"minecraft:fishing_rod":1,"minecraft:crafting_table":5,"minecraft:azure_bluet":1,"born_in_chaos_v1:river_mint":3,"minecraft:clay_ball":4,"born_in_chaos_v1:seedof_chaos":1,"minecraft:brown_mushroom":6,"minecraft:wooden_pickaxe":1,"minecraft:chain":2,"minecraft:shield":1,"minecraft:iron_shovel":1,"born_in_chaos_v1:gnawed_bones":1,"justenoughdrugz:weed_seed":5,"minecraft:poppy":1,"minecraft:spruce_slab":2,"regions_unexplored:redwood_planks":82,"minecraft:egg":2,"minecraft:raw_iron":27,"minecraft:spruce_fence":1,"minecraft:stone_button":1,"born_in_chaos_v1:pieceofdarkmetal":8,"minecraft:carrot":68,"minecraft:arrow":14,"minecraft:beetroot_seeds":7,"minecraft:hay_block":12,"securitycraft:reinforced_stone_bricks":64,"born_in_chaos_v1:spiny_shell":5,"minecraft:gold_ingot":6,"born_in_chaos_v1:trident_hayfork":3,"born_in_chaos_v1:fused_bone":1,"born_in_chaos_v1:corpse_maggot":51,"born_in_chaos_v1:monster_flesh":17,"minecraft:salmon":3,"minecraft:mushroom_stew":2,"minecraft:oak_log":111,"minecraft:gunpowder":11,"minecraft:cobblestone_stairs":17,"chococraft:chocobo_feather":2,"chococraft:gysahl_green":85,"minecraft:apple":15,"minecraft:stone_bricks":21,"chococraft:gold_gysahl":1,"minecraft:iron_ingot":53,"born_in_chaos_v1:smoked_flesh":4,"minecraft:iron_sword":1,"minecraft:book":4,"minecraft:oak_slab":1,"minecraft:pumpkin":1,"minecraft:sweet_berries":41,"minecraft:dandelion":3,"born_in_chaos_v1:ethereal_spirit":12,"minecraft:gravel":170,"born_in_chaos_v1:dark_rod":3,"chococraft:gysahl_green_seeds":34,"minecraft:spruce_log":2,"minecraft:spruce_door":1,"minecraft:spider_eye":2,"minecraft:pumpkin_seeds":43,"minecraft:stone_axe":3,"minecraft:baked_potato":11,"minecraft:melon_seeds":21,"minecraft:coal":99,"minecraft:ender_pearl":2},"minecraft:used":{"minecraft:iron_shovel":177,"securitycraft:reinforced_spruce_slab":31,"securitycraft:reinforced_moss_carpet":2,"minecraft:spruce_slab":51,"minecraft:oak_sign":3,"minecraft:chest":6,"minecraft:shield":34,"minecraft:stone":12,"minecraft:iron_sword":251,"securitycraft:security_camera":2,"minecraft:rotten_flesh":16,"minecraft:jungle_planks":132,"minecraft:carrot":74,"securitycraft:camera_monitor":1,"minecraft:grass_block":296,"minecraft:stone_brick_stairs":3,"minecraft:stone_bricks":292,"minecraft:reinforced_deepslate":1,"minecraft:sweet_berries":39,"minecraft:furnace":5,"minecraft:oak_sapling":1,"minecraft:beetroot_seeds":1,"minecraft:egg":2,"minecraft:potato":212,"born_in_chaos_v1:nightmare_mantleofthe_night_boots":1,"minecraft:stripped_spruce_wood":3,"minecraft:spruce_door":3,"securitycraft:reinforced_grass_path":12,"securitycraft:reinforced_spruce_planks":113,"minecraft:stone_pickaxe":497,"minecraft:oak_planks":2,"minecraft:ender_pearl":1,"minecraft:wooden_pickaxe":26,"securitycraft:reinforced_glass_pane":16,"regions_unexplored:redwood_planks":31,"born_in_chaos_v1:swarmer_spawn_egg":58,"born_in_chaos_v1:monster_flesh":1,"securitycraft:reinforced_chiseled_stone_bricks":91,"minecraft:bread":1,"minecraft:melon_slice":46,"minecraft:stone_button":1,"minecraft:gravel":14,"minecraft:diamond_sword":17,"minecraft:wooden_sword":11,"born_in_chaos_v1:rotten_fish":1,"securitycraft:reinforced_dark_oak_wood":4,"born_in_chaos_v1:corpse_fish_spawn_egg":2,"minecraft:birch_log":1,"minecraft:andesite":3,"chococraft:gysahl_green":32,"minecraft:bone_meal":66,"securitycraft:reinforced_oak_log":160,"minecraft:oak_fence":1,"minecraft:netherite_sword":10,"minecraft:stone_sword":25,"securitycraft:reinforced_bone_block":101,"create:schematic_table":5,"minecraft:stone_shovel":25,"securitycraft:keypad_chest":3,"minecraft:spruce_planks":348,"minecraft:cooked_salmon":3,"securitycraft:reinforced_iron_bars":42,"minecraft:torch":225,"minecraft:dirt":214,"minecraft:spruce_stairs":85,"minecraft:cobblestone_wall":16,"minecraft:spruce_fence":73,"minecraft:wooden_axe":30,"securitycraft:reinforced_birch_stairs":3,"minecraft:iron_axe":201,"minecraft:oak_stairs":1,"securitycraft:reinforced_spruce_stairs":142,"born_in_chaos_v1:spawn_structures_clown_cart":1,"minecraft:melon_seeds":40,"securitycraft:reinforced_lantern":13,"securitycraft:sentry":17,"minecraft:glowstone":32,"securitycraft:reinforced_glass":43,"vm:vending_machine":11,"born_in_chaos_v1:trident_hayfork":214,"minecraft:water_bucket":5,"minecraft:cobblestone_stairs":26,"minecraft:dirt_path":61,"securitycraft:reinforced_cobblestone":82,"minecraft:baked_potato":39,"minecraft:deepslate_bricks":4,"securitycraft:reinforced_stone_bricks":181,"minecraft:oak_slab":20,"minecraft:crafting_table":10,"create:schematicannon":4,"born_in_chaos_v1:spawn_structures_lookout_tower":2,"minecraft:white_bed":1,"minecraft:spruce_log":24,"minecraft:oak_log":136,"minecraft:wooden_hoe":59,"minecraft:apple":2,"minecraft:command_block":30,"minecraft:iron_pickaxe":500,"minecraft:spruce_trapdoor":1,"minecraft:stone_axe":452,"minecraft:chiseled_stone_bricks":6,"minecraft:cobblestone":134,"born_in_chaos_v1:infernal_spirit_spawn_egg":5,"minecraft:bucket":1,"securitycraft:reinforced_birch_planks":1,"born_in_chaos_v1:missioner_spawn_egg":4},"minecraft:dropped":{"minecraft:iron_sword":1,"minecraft:baked_potato":9,"minecraft:ender_pearl":1,"minecraft:mangrove_planks":8,"minecraft:emerald":2,"minecraft:cobblestone_stairs":2,"born_in_chaos_v1:monster_flesh":11,"minecraft:dirt":48,"minecraft:stone_button":1,"born_in_chaos_v1:trident_hayfork":2,"minecraft:bone":3,"minecraft:stone_axe":3,"minecraft:wheat":1,"born_in_chaos_v1:ethereal_spirit":5,"justenoughdrugz:weed_seed":4,"minecraft:beetroot":3,"minecraft:rotten_flesh":61,"regions_unexplored:redwood_planks":11,"born_in_chaos_v1:seedof_chaos":1,"born_in_chaos_v1:corpse_maggot":20,"minecraft:melon_seeds":3,"minecraft:jungle_log":6,"born_in_chaos_v1:dark_rod":1,"minecraft:iron_ingot":1,"minecraft:bread":21,"born_in_chaos_v1:shattered_skull":3,"minecraft:wheat_seeds":10,"minecraft:iron_helmet":1,"minecraft:feather":2,"minecraft:cobblestone":50,"chococraft:gysahl_green_seeds":9,"minecraft:stick":5,"born_in_chaos_v1:gnawed_bones":1,"born_in_chaos_v1:river_mint":2,"minecraft:torch":2,"minecraft:wooden_axe":1,"minecraft:melon_slice":35,"regions_unexplored:redwood_log":8,"born_in_chaos_v1:fused_bone":1,"minecraft:pumpkin":1,"minecraft:iron_shovel":1,"minecraft:string":4,"born_in_chaos_v1:rotten_fish":1,"minecraft:potato":2,"minecraft:spider_eye":2,"minecraft:bamboo":157,"minecraft:wooden_pickaxe":1},"minecraft:custom":{"minecraft:interact_with_crafting_table":105,"minecraft:open_barrel":12,"minecraft:bell_ring":3,"minecraft:leave_game":22,"minecraft:time_since_death":86852,"minecraft:sprint_one_cm":1000722,"minecraft:damage_blocked_by_shield":770,"minecraft:drop":168,"minecraft:play_time":887416,"minecraft:deaths":20,"minecraft:jump":9497,"minecraft:walk_on_water_one_cm":31595,"minecraft:interact_with_furnace":99,"minecraft:sleep_in_bed":12,"minecraft:damage_dealt":37333,"minecraft:crouch_one_cm":97585,"minecraft:interact_with_smoker":2,"minecraft:horse_one_cm":4080,"minecraft:mob_kills":205,"minecraft:damage_dealt_resisted":2022,"minecraft:climb_one_cm":11682,"minecraft:walk_one_cm":1315675,"minecraft:sneak_time":30090,"minecraft:walk_under_water_one_cm":15303,"minecraft:total_world_time":887416,"minecraft:time_since_rest":4852,"minecraft:damage_taken":9253,"minecraft:swim_one_cm":31296,"minecraft:fly_one_cm":3817225,"minecraft:open_chest":138,"minecraft:fall_one_cm":190741},"minecraft:broken":{"minecraft:stone_pickaxe":3,"minecraft:stone_axe":4,"minecraft:iron_sword":1,"minecraft:iron_axe":1,"minecraft:iron_pickaxe":2,"born_in_chaos_v1:trident_hayfork":1,"minecraft:wooden_hoe":1},"minecraft:killed":{"born_in_chaos_v1:restless_spirit":6,"born_in_chaos_v1:zombie_lumberjack":5,"born_in_chaos_v1:skeleton_demoman":1,"minecraft:spider":8,"born_in_chaos_v1:siamese_skeletonsright":2,"born_in_chaos_v1:baby_skeleton_minion":5,"minecraft:skeleton":4,"minecraft:chicken":1,"born_in_chaos_v1:skeleton_thrasher":2,"minecraft:creeper":6,"born_in_chaos_v1:zombie_fisherman":8,"minecraft:pillager":2,"minecraft:zombie":17,"born_in_chaos_v1:dread_hound":16,"born_in_chaos_v1:corpse_fly":43,"born_in_chaos_v1:door_knight":2,"born_in_chaos_v1:siamese_skeletonsleft":2,"mca:male_zombie_villager":1,"born_in_chaos_v1:thornshell_crab":2,"born_in_chaos_v1:zombie_bruiser":3,"born_in_chaos_v1:maggot":27,"minecraft:phantom":1,"born_in_chaos_v1:spiritof_chaos":1,"born_in_chaos_v1:fallen_chaos_knight":2,"born_in_chaos_v1:bone_imp_minion":4,"born_in_chaos_v1:baby_skeleton":5,"born_in_chaos_v1:swarmer":2,"born_in_chaos_v1:decrepit_skeleton":14,"born_in_chaos_v1:dark_vortex":2,"born_in_chaos_v1:nightmare_stalker":1,"mca:female_villager":2},"minecraft:killed_by":{"minecraft:zombie":2,"born_in_chaos_v1:skeleton_demoman":1,"minecraft:husk":1,"minecraft:player":1,"born_in_chaos_v1:restless_spirit":1,"born_in_chaos_v1:fallen_chaos_knight":1,"born_in_chaos_v1:door_knight":1}},"DataVersion":3465}