{"stats":{"minecraft:used":{"minecraft:dirt":15,"minecraft:beetroot_seeds":1},"minecraft:mined":{"minecraft:grass":7,"minecraft:grass_block":7,"minecraft:beetroots":1,"minecraft:dirt":9,"minecraft:tall_grass":1,"minecraft:oak_leaves":2,"minecraft:wall_torch":1,"minecraft:glow_lichen":2},"minecraft:killed":{"minecraft:skeleton":1,"minecraft:spider":1},"minecraft:killed_by":{"born_in_chaos_v1:door_knight":1,"minecraft:husk":1,"minecraft:zombie":1,"born_in_chaos_v1:skeleton_demoman":1,"born_in_chaos_v1:restless_spirit":1},"minecraft:dropped":{"minecraft:beetroot":2,"minecraft:dirt":1,"minecraft:wheat_seeds":2},"minecraft:picked_up":{"minecraft:arrow":2,"minecraft:beetroot":2,"minecraft:beetroot_seeds":4,"minecraft:wheat_seeds":3,"minecraft:torch":1,"minecraft:dirt":16},"minecraft:custom":{"minecraft:open_chest":1,"minecraft:time_since_rest":129,"minecraft:crouch_one_cm":1521,"minecraft:sprint_one_cm":47409,"minecraft:walk_one_cm":44787,"minecraft:deaths":6,"minecraft:sneak_time":508,"minecraft:walk_under_water_one_cm":351,"minecraft:mob_kills":2,"minecraft:drop":5,"minecraft:jump":634,"minecraft:damage_dealt":467,"minecraft:leave_game":3,"minecraft:time_since_death":79,"minecraft:walk_on_water_one_cm":2314,"minecraft:total_world_time":32516,"minecraft:climb_one_cm":299,"minecraft:damage_taken":1500,"minecraft:fall_one_cm":18444,"minecraft:fly_one_cm":134752,"minecraft:play_time":32516}},"DataVersion":3465}