{"stats":{"minecraft:mined":{"minecraft:grass":7,"minecraft:grass_block":7,"minecraft:dirt":9,"minecraft:tall_grass":1,"minecraft:oak_leaves":2,"minecraft:glow_lichen":2},"minecraft:dropped":{"minecraft:dirt":1,"minecraft:wheat_seeds":2},"minecraft:custom":{"minecraft:time_since_rest":3100,"minecraft:sprint_one_cm":29020,"minecraft:crouch_one_cm":1060,"minecraft:play_time":16588,"minecraft:deaths":1,"minecraft:damage_taken":345,"minecraft:walk_one_cm":17091,"minecraft:sneak_time":334,"minecraft:walk_under_water_one_cm":351,"minecraft:mob_kills":2,"minecraft:drop":3,"minecraft:jump":321,"minecraft:damage_dealt":267,"minecraft:time_since_death":3071,"minecraft:walk_on_water_one_cm":2314,"minecraft:total_world_time":16588,"minecraft:fall_one_cm":11845,"minecraft:fly_one_cm":75384},"minecraft:used":{"minecraft:dirt":15},"minecraft:picked_up":{"minecraft:arrow":2,"minecraft:wheat_seeds":3,"minecraft:dirt":16},"minecraft:killed":{"minecraft:skeleton":1,"minecraft:spider":1}},"DataVersion":3465}