{"stats":{"minecraft:mined":{"born_in_chaos_v1:marigolds":3,"minecraft:dandelion":5,"minecraft:glow_lichen":2,"minecraft:torch":1,"minecraft:grass_block":16,"minecraft:poppy":1,"minecraft:dead_bush":4,"minecraft:tall_grass":3,"minecraft:wall_torch":1,"minecraft:hay_block":11,"minecraft:azure_bluet":1,"minecraft:grass":173,"chococraft:gysahl_green":10,"minecraft:oak_log":5,"minecraft:beetroots":1,"minecraft:dirt_path":1,"minecraft:dirt":39,"minecraft:stone":35,"minecraft:oak_leaves":3},"minecraft:used":{"minecraft:netherite_sword":10,"minecraft:spruce_door":2,"minecraft:stone_sword":25,"minecraft:dirt_path":61,"securitycraft:reinforced_grass_path":12,"securitycraft:reinforced_cobblestone":82,"create:schematic_table":5,"securitycraft:reinforced_moss_carpet":2,"minecraft:stone_shovel":25,"minecraft:stone_pickaxe":12,"minecraft:chest":2,"minecraft:spruce_planks":150,"minecraft:wooden_pickaxe":23,"minecraft:stone":12,"minecraft:deepslate_bricks":4,"securitycraft:reinforced_glass_pane":16,"minecraft:torch":38,"minecraft:dirt":26,"securitycraft:reinforced_stone_bricks":181,"minecraft:crafting_table":2,"minecraft:spruce_stairs":69,"create:schematicannon":4,"born_in_chaos_v1:spawn_structures_lookout_tower":1,"minecraft:spruce_fence":40,"minecraft:spruce_log":16,"minecraft:apple":1,"minecraft:command_block":28,"securitycraft:reinforced_chiseled_stone_bricks":91,"minecraft:grass_block":296,"securitycraft:reinforced_spruce_stairs":123,"minecraft:diamond_sword":17,"minecraft:spruce_trapdoor":1,"minecraft:reinforced_deepslate":1,"securitycraft:reinforced_lantern":13,"minecraft:chiseled_stone_bricks":6,"minecraft:stone_bricks":23,"minecraft:stone_axe":6,"securitycraft:sentry":17,"minecraft:wooden_sword":11,"minecraft:glowstone":32,"minecraft:cobblestone":4,"securitycraft:reinforced_dark_oak_wood":4,"minecraft:furnace":1,"securitycraft:reinforced_glass":43,"vm:vending_machine":11,"minecraft:beetroot_seeds":1,"minecraft:birch_log":1,"securitycraft:reinforced_birch_planks":1,"chococraft:gysahl_green":11,"minecraft:egg":2,"minecraft:potato":2,"securitycraft:reinforced_oak_log":160,"minecraft:stripped_spruce_wood":3},"minecraft:crafted":{"minecraft:oak_planks":20,"minecraft:stone_shovel":1,"minecraft:crafting_table":2,"minecraft:wooden_pickaxe":1,"minecraft:furnace":1,"minecraft:bone_meal":6,"minecraft:stone_axe":1,"minecraft:bread":33,"minecraft:stick":12,"minecraft:stone_pickaxe":1,"minecraft:stone_sword":1,"minecraft:wheat":99},"minecraft:killed_by":{"minecraft:husk":1,"born_in_chaos_v1:restless_spirit":1,"minecraft:zombie":2,"born_in_chaos_v1:fallen_chaos_knight":1,"born_in_chaos_v1:door_knight":1,"born_in_chaos_v1:skeleton_demoman":1},"minecraft:custom":{"minecraft:interact_with_furnace":3,"minecraft:mob_kills":19,"minecraft:interact_with_crafting_table":5,"minecraft:open_barrel":1,"minecraft:bell_ring":3,"minecraft:damage_dealt_resisted":70,"minecraft:leave_game":15,"minecraft:time_since_death":107238,"minecraft:climb_one_cm":299,"minecraft:time_since_rest":107965,"minecraft:sprint_one_cm":184969,"minecraft:damage_taken":3070,"minecraft:walk_one_cm":367313,"minecraft:drop":13,"minecraft:damage_dealt":4107,"minecraft:swim_one_cm":23013,"minecraft:fly_one_cm":1437139,"minecraft:open_chest":7,"minecraft:crouch_one_cm":7629,"minecraft:play_time":285680,"minecraft:deaths":12,"minecraft:sneak_time":4288,"minecraft:walk_under_water_one_cm":1870,"minecraft:jump":2033,"minecraft:walk_on_water_one_cm":8214,"minecraft:total_world_time":285680,"minecraft:fall_one_cm":47589},"minecraft:dropped":{"minecraft:bread":21,"minecraft:wheat_seeds":2,"minecraft:beetroot":3,"minecraft:stick":4,"minecraft:dirt":2},"minecraft:killed":{"born_in_chaos_v1:baby_skeleton":1,"born_in_chaos_v1:swarmer":1,"minecraft:spider":3,"born_in_chaos_v1:decrepit_skeleton":3,"minecraft:skeleton":1,"minecraft:zombie":1,"born_in_chaos_v1:corpse_fly":6,"born_in_chaos_v1:dark_vortex":1,"mca:female_villager":2},"minecraft:picked_up":{"born_in_chaos_v1:corpse_maggot":4,"minecraft:wheat":5,"minecraft:azure_bluet":1,"minecraft:brown_mushroom":6,"securitycraft:reinforced_lantern":1,"minecraft:potato":9,"minecraft:mushroom_stew":2,"born_in_chaos_v1:bloody_gadfly_eye":1,"minecraft:oak_log":5,"minecraft:gunpowder":4,"securitycraft:sentry":1,"minecraft:string":11,"minecraft:dirt":56,"born_in_chaos_v1:marigolds":3,"minecraft:bone":7,"minecraft:apple":14,"chococraft:gysahl_green":18,"minecraft:beetroot":4,"chococraft:gold_gysahl":1,"minecraft:wheat_seeds":93,"minecraft:iron_ingot":1,"born_in_chaos_v1:smoked_flesh":4,"minecraft:poppy":1,"minecraft:egg":2,"minecraft:book":4,"minecraft:stick":4,"minecraft:dandelion":3,"minecraft:torch":4,"born_in_chaos_v1:ethereal_spirit":1,"born_in_chaos_v1:dark_rod":1,"chococraft:gysahl_green_seeds":8,"minecraft:carrot":9,"minecraft:rotten_flesh":9,"minecraft:pumpkin_seeds":43,"minecraft:spruce_door":1,"minecraft:arrow":11,"minecraft:beetroot_seeds":7,"minecraft:hay_block":11,"securitycraft:reinforced_stone_bricks":64,"minecraft:emerald":4,"minecraft:gold_ingot":6,"minecraft:bread":10,"minecraft:melon_seeds":8,"minecraft:cobblestone":35}},"DataVersion":3465}