{"stats":{"minecraft:mined":{"minecraft:cobblestone_stairs":16,"minecraft:granite":5,"minecraft:grass_block":37,"minecraft:jungle_log":37,"minecraft:oak_wall_sign":1,"minecraft:iron_ore":6,"regions_unexplored:redwood_planks":27,"minecraft:pumpkin":1,"minecraft:azure_bluet":1,"chococraft:gysahl_green":20,"minecraft:dirt_path":1,"minecraft:brown_mushroom":1,"minecraft:melon_stem":12,"minecraft:clay":1,"minecraft:torch":6,"minecraft:poppy":1,"minecraft:melon":23,"minecraft:dead_bush":4,"minecraft:cobblestone":40,"minecraft:oak_planks":2,"minecraft:wall_torch":20,"minecraft:wheat":1,"minecraft:grass":187,"minecraft:oak_log":49,"minecraft:beetroots":1,"minecraft:dirt":232,"minecraft:oak_leaves":22,"minecraft:glow_lichen":2,"minecraft:stone_button":1,"minecraft:jungle_planks":125,"minecraft:hay_block":13,"minecraft:carrots":21,"minecraft:andesite":22,"minecraft:potatoes":61,"minecraft:vine":6,"regions_unexplored:medium_grass":1,"minecraft:bamboo":2,"minecraft:stone":800,"regions_unexplored:redwood_log":43,"minecraft:podzol":15,"born_in_chaos_v1:marigolds":3,"minecraft:dandelion":5,"minecraft:oak_fence":1,"minecraft:crafting_table":5,"minecraft:tall_grass":3,"minecraft:copper_ore":1,"minecraft:diorite":7,"minecraft:coal_ore":91,"minecraft:gravel":105,"minecraft:stone_bricks":7,"minecraft:fern":3},"minecraft:crafted":{"minecraft:oak_planks":76,"minecraft:oak_sign":3,"minecraft:stone":239,"minecraft:cobblestone_stairs":12,"minecraft:melon_seeds":30,"minecraft:stone_pressure_plate":1,"minecraft:chest":4,"minecraft:stone_bricks":80,"minecraft:crafting_table":5,"minecraft:wooden_pickaxe":2,"minecraft:baked_potato":28,"minecraft:iron_helmet":1,"minecraft:wooden_hoe":1,"minecraft:iron_chestplate":1,"minecraft:stick":48,"minecraft:iron_ingot":27,"minecraft:iron_pickaxe":2,"minecraft:stone_sword":1,"minecraft:stone_shovel":1,"born_in_chaos_v1:nightmare_mantleofthe_night_boots":1,"minecraft:furnace":5,"minecraft:stone_button":1,"minecraft:bone_meal":72,"born_in_chaos_v1:spiny_shell_armor_helmet":1,"minecraft:iron_axe":1,"minecraft:stone_pickaxe":5,"minecraft:wheat":108,"minecraft:iron_sword":1,"minecraft:cooked_salmon":3,"minecraft:mangrove_planks":8,"minecraft:bucket":1,"minecraft:stone_axe":3,"minecraft:jungle_planks":148,"minecraft:bread":33,"minecraft:air":0,"regions_unexplored:redwood_planks":140,"minecraft:wooden_axe":1,"minecraft:iron_shovel":1,"minecraft:iron_leggings":1,"minecraft:acacia_planks":4,"minecraft:torch":8},"minecraft:picked_up":{"chococraft:loverly_gysahl_green":1,"minecraft:wheat":6,"justenoughdrugz:coca_seeds":2,"securitycraft:reinforced_lantern":1,"born_in_chaos_v1:bloody_gadfly_eye":1,"minecraft:string":18,"minecraft:oak_sign":2,"minecraft:beetroot":4,"minecraft:melon_slice":117,"minecraft:mangrove_log":2,"regions_unexplored:redwood_log":55,"minecraft:stick":16,"born_in_chaos_v1:shattered_skull":3,"minecraft:oak_fence":1,"minecraft:torch":34,"minecraft:acacia_log":1,"securitycraft:camera_monitor":1,"born_in_chaos_v1:nightmare_claw":1,"minecraft:diorite":14,"minecraft:rotten_flesh":150,"minecraft:cobblestone":983,"minecraft:feather":3,"minecraft:andesite":41,"minecraft:jungle_log":43,"minecraft:potato":121,"minecraft:flint":21,"securitycraft:sentry":1,"minecraft:dirt":317,"born_in_chaos_v1:marigolds":3,"born_in_chaos_v1:monster_skin":6,"minecraft:bone":32,"minecraft:bow":1,"minecraft:wheat_seeds":101,"minecraft:bamboo":157,"minecraft:oak_planks":24,"minecraft:jungle_planks":216,"minecraft:sand":16,"minecraft:grass_block":1,"minecraft:granite":8,"minecraft:emerald":4,"minecraft:bread":10,"born_in_chaos_v1:rotten_fish":2,"minecraft:fishing_rod":1,"minecraft:crafting_table":5,"minecraft:azure_bluet":1,"born_in_chaos_v1:river_mint":2,"minecraft:clay_ball":4,"born_in_chaos_v1:seedof_chaos":1,"minecraft:brown_mushroom":6,"minecraft:wooden_pickaxe":1,"minecraft:chain":2,"minecraft:iron_shovel":1,"justenoughdrugz:weed_seed":4,"minecraft:poppy":1,"regions_unexplored:redwood_planks":82,"minecraft:egg":2,"minecraft:raw_iron":27,"minecraft:stone_button":1,"born_in_chaos_v1:pieceofdarkmetal":8,"minecraft:carrot":68,"minecraft:arrow":13,"minecraft:beetroot_seeds":7,"minecraft:hay_block":12,"securitycraft:reinforced_stone_bricks":64,"born_in_chaos_v1:spiny_shell":5,"minecraft:gold_ingot":6,"born_in_chaos_v1:trident_hayfork":3,"born_in_chaos_v1:fused_bone":1,"born_in_chaos_v1:corpse_maggot":51,"born_in_chaos_v1:monster_flesh":11,"minecraft:salmon":3,"minecraft:mushroom_stew":2,"minecraft:oak_log":58,"minecraft:gunpowder":11,"minecraft:cobblestone_stairs":17,"chococraft:gysahl_green":50,"minecraft:apple":14,"minecraft:stone_bricks":7,"chococraft:gold_gysahl":1,"minecraft:iron_ingot":35,"born_in_chaos_v1:smoked_flesh":4,"minecraft:iron_sword":1,"minecraft:book":4,"minecraft:pumpkin":1,"minecraft:dandelion":3,"born_in_chaos_v1:ethereal_spirit":12,"minecraft:gravel":170,"born_in_chaos_v1:dark_rod":3,"chococraft:gysahl_green_seeds":26,"minecraft:spruce_door":1,"minecraft:spider_eye":1,"minecraft:pumpkin_seeds":43,"minecraft:stone_axe":3,"minecraft:baked_potato":10,"minecraft:melon_seeds":21,"minecraft:coal":99,"minecraft:ender_pearl":2},"minecraft:used":{"minecraft:iron_shovel":162,"securitycraft:reinforced_spruce_slab":31,"securitycraft:reinforced_moss_carpet":2,"minecraft:oak_sign":3,"minecraft:chest":6,"minecraft:stone":12,"minecraft:iron_sword":249,"securitycraft:security_camera":2,"minecraft:rotten_flesh":16,"minecraft:jungle_planks":131,"minecraft:carrot":73,"securitycraft:camera_monitor":1,"minecraft:grass_block":296,"minecraft:stone_bricks":107,"minecraft:reinforced_deepslate":1,"minecraft:furnace":5,"minecraft:oak_sapling":1,"minecraft:beetroot_seeds":1,"minecraft:egg":2,"minecraft:potato":102,"born_in_chaos_v1:nightmare_mantleofthe_night_boots":1,"minecraft:stripped_spruce_wood":3,"minecraft:spruce_door":2,"securitycraft:reinforced_grass_path":12,"securitycraft:reinforced_spruce_planks":113,"minecraft:stone_pickaxe":476,"minecraft:oak_planks":2,"minecraft:wooden_pickaxe":26,"securitycraft:reinforced_glass_pane":16,"regions_unexplored:redwood_planks":31,"born_in_chaos_v1:monster_flesh":1,"securitycraft:reinforced_chiseled_stone_bricks":91,"minecraft:bread":1,"minecraft:melon_slice":32,"minecraft:stone_button":1,"minecraft:gravel":14,"minecraft:diamond_sword":17,"minecraft:wooden_sword":11,"born_in_chaos_v1:rotten_fish":1,"securitycraft:reinforced_dark_oak_wood":4,"minecraft:birch_log":1,"minecraft:andesite":3,"chococraft:gysahl_green":11,"minecraft:bone_meal":66,"securitycraft:reinforced_oak_log":160,"minecraft:oak_fence":1,"minecraft:netherite_sword":10,"minecraft:stone_sword":25,"securitycraft:reinforced_bone_block":101,"create:schematic_table":5,"minecraft:stone_shovel":25,"securitycraft:keypad_chest":3,"minecraft:spruce_planks":155,"minecraft:cooked_salmon":2,"securitycraft:reinforced_iron_bars":42,"minecraft:torch":82,"minecraft:dirt":187,"minecraft:spruce_stairs":69,"minecraft:spruce_fence":40,"minecraft:wooden_axe":6,"securitycraft:reinforced_birch_stairs":3,"minecraft:iron_axe":201,"securitycraft:reinforced_spruce_stairs":142,"minecraft:melon_seeds":40,"securitycraft:reinforced_lantern":13,"securitycraft:sentry":17,"minecraft:glowstone":32,"securitycraft:reinforced_glass":43,"vm:vending_machine":11,"born_in_chaos_v1:trident_hayfork":214,"minecraft:water_bucket":5,"minecraft:cobblestone_stairs":26,"minecraft:dirt_path":61,"securitycraft:reinforced_cobblestone":82,"minecraft:baked_potato":32,"minecraft:deepslate_bricks":4,"securitycraft:reinforced_stone_bricks":181,"minecraft:crafting_table":9,"create:schematicannon":4,"born_in_chaos_v1:spawn_structures_lookout_tower":1,"minecraft:white_bed":1,"minecraft:spruce_log":16,"minecraft:oak_log":39,"minecraft:wooden_hoe":59,"minecraft:apple":2,"minecraft:command_block":30,"minecraft:iron_pickaxe":500,"minecraft:spruce_trapdoor":1,"minecraft:stone_axe":244,"minecraft:chiseled_stone_bricks":6,"minecraft:cobblestone":134,"minecraft:bucket":1,"securitycraft:reinforced_birch_planks":1},"minecraft:dropped":{"minecraft:iron_sword":1,"minecraft:ender_pearl":1,"minecraft:mangrove_planks":8,"minecraft:emerald":2,"minecraft:cobblestone_stairs":2,"born_in_chaos_v1:monster_flesh":2,"minecraft:dirt":48,"minecraft:stone_button":1,"born_in_chaos_v1:trident_hayfork":2,"minecraft:bone":1,"minecraft:stone_axe":3,"minecraft:wheat":1,"born_in_chaos_v1:ethereal_spirit":5,"justenoughdrugz:weed_seed":4,"minecraft:beetroot":3,"minecraft:rotten_flesh":39,"regions_unexplored:redwood_planks":1,"born_in_chaos_v1:seedof_chaos":1,"born_in_chaos_v1:corpse_maggot":20,"minecraft:melon_seeds":3,"minecraft:jungle_log":6,"born_in_chaos_v1:dark_rod":1,"minecraft:iron_ingot":1,"minecraft:bread":21,"born_in_chaos_v1:shattered_skull":1,"minecraft:wheat_seeds":10,"minecraft:iron_helmet":1,"minecraft:feather":2,"minecraft:cobblestone":47,"chococraft:gysahl_green_seeds":1,"minecraft:stick":5,"born_in_chaos_v1:river_mint":1,"minecraft:torch":2,"minecraft:melon_slice":35,"regions_unexplored:redwood_log":8,"born_in_chaos_v1:fused_bone":1,"minecraft:pumpkin":1,"born_in_chaos_v1:rotten_fish":1,"minecraft:potato":2,"minecraft:bamboo":152,"minecraft:wooden_pickaxe":1},"minecraft:custom":{"minecraft:interact_with_crafting_table":91,"minecraft:open_barrel":1,"minecraft:bell_ring":3,"minecraft:leave_game":22,"minecraft:time_since_death":94439,"minecraft:sprint_one_cm":763536,"minecraft:drop":130,"minecraft:play_time":785416,"minecraft:deaths":18,"minecraft:jump":7834,"minecraft:walk_on_water_one_cm":24280,"minecraft:interact_with_furnace":79,"minecraft:sleep_in_bed":8,"minecraft:damage_dealt":34035,"minecraft:crouch_one_cm":61049,"minecraft:horse_one_cm":4080,"minecraft:mob_kills":192,"minecraft:damage_dealt_resisted":1936,"minecraft:climb_one_cm":6969,"minecraft:walk_one_cm":1161739,"minecraft:sneak_time":19740,"minecraft:walk_under_water_one_cm":14013,"minecraft:total_world_time":785416,"minecraft:time_since_rest":16957,"minecraft:damage_taken":8358,"minecraft:swim_one_cm":26879,"minecraft:fly_one_cm":2889221,"minecraft:open_chest":96,"minecraft:fall_one_cm":157499},"minecraft:broken":{"minecraft:stone_pickaxe":3,"minecraft:stone_axe":1,"minecraft:iron_axe":1,"minecraft:iron_pickaxe":2,"born_in_chaos_v1:trident_hayfork":1,"minecraft:wooden_hoe":1},"minecraft:killed":{"born_in_chaos_v1:restless_spirit":6,"born_in_chaos_v1:zombie_lumberjack":4,"born_in_chaos_v1:skeleton_demoman":1,"minecraft:spider":8,"born_in_chaos_v1:siamese_skeletonsright":2,"born_in_chaos_v1:baby_skeleton_minion":5,"minecraft:skeleton":3,"minecraft:chicken":1,"born_in_chaos_v1:skeleton_thrasher":1,"minecraft:creeper":6,"born_in_chaos_v1:zombie_fisherman":7,"minecraft:pillager":2,"minecraft:zombie":17,"born_in_chaos_v1:dread_hound":9,"born_in_chaos_v1:corpse_fly":43,"born_in_chaos_v1:door_knight":2,"born_in_chaos_v1:siamese_skeletonsleft":2,"mca:male_zombie_villager":1,"born_in_chaos_v1:thornshell_crab":2,"born_in_chaos_v1:zombie_bruiser":3,"born_in_chaos_v1:maggot":27,"minecraft:phantom":1,"born_in_chaos_v1:spiritof_chaos":1,"born_in_chaos_v1:fallen_chaos_knight":2,"born_in_chaos_v1:bone_imp_minion":4,"born_in_chaos_v1:baby_skeleton":3,"born_in_chaos_v1:swarmer":2,"born_in_chaos_v1:decrepit_skeleton":14,"born_in_chaos_v1:dark_vortex":2,"born_in_chaos_v1:nightmare_stalker":1,"mca:female_villager":2},"minecraft:killed_by":{"minecraft:zombie":2,"born_in_chaos_v1:skeleton_demoman":1,"minecraft:husk":1,"minecraft:player":1,"born_in_chaos_v1:restless_spirit":1,"born_in_chaos_v1:fallen_chaos_knight":1,"born_in_chaos_v1:door_knight":1}},"DataVersion":3465}