{"stats":{"minecraft:mined":{"born_in_chaos_v1:marigolds":3,"minecraft:dandelion":5,"minecraft:glow_lichen":2,"minecraft:torch":1,"minecraft:grass_block":16,"minecraft:poppy":1,"minecraft:dead_bush":4,"minecraft:tall_grass":3,"minecraft:wall_torch":1,"minecraft:hay_block":11,"minecraft:azure_bluet":1,"minecraft:grass":173,"chococraft:gysahl_green":10,"minecraft:oak_log":5,"minecraft:beetroots":1,"minecraft:dirt_path":1,"minecraft:dirt":39,"minecraft:stone":35,"minecraft:oak_leaves":3},"minecraft:used":{"minecraft:netherite_sword":10,"minecraft:spruce_door":2,"minecraft:stone_sword":25,"minecraft:dirt_path":10,"securitycraft:reinforced_grass_path":12,"securitycraft:reinforced_cobblestone":82,"create:schematic_table":5,"securitycraft:reinforced_moss_carpet":2,"minecraft:stone_shovel":25,"minecraft:stone_pickaxe":12,"minecraft:spruce_planks":128,"minecraft:wooden_pickaxe":23,"minecraft:stone":1,"minecraft:deepslate_bricks":4,"securitycraft:reinforced_glass_pane":16,"minecraft:torch":19,"minecraft:dirt":26,"securitycraft:reinforced_stone_bricks":135,"minecraft:crafting_table":2,"minecraft:spruce_stairs":4,"create:schematicannon":4,"minecraft:spruce_log":16,"minecraft:apple":1,"minecraft:command_block":10,"securitycraft:reinforced_chiseled_stone_bricks":91,"minecraft:grass_block":292,"securitycraft:reinforced_spruce_stairs":123,"securitycraft:reinforced_lantern":13,"minecraft:chiseled_stone_bricks":6,"minecraft:stone_bricks":10,"minecraft:stone_axe":6,"securitycraft:sentry":5,"minecraft:wooden_sword":11,"minecraft:glowstone":32,"minecraft:cobblestone":4,"securitycraft:reinforced_dark_oak_wood":4,"minecraft:furnace":1,"securitycraft:reinforced_glass":43,"vm:vending_machine":11,"minecraft:beetroot_seeds":1,"minecraft:birch_log":1,"securitycraft:reinforced_birch_planks":1,"chococraft:gysahl_green":11,"minecraft:egg":2,"minecraft:potato":2,"securitycraft:reinforced_oak_log":160},"minecraft:crafted":{"minecraft:oak_planks":20,"minecraft:stone_shovel":1,"minecraft:crafting_table":2,"minecraft:wooden_pickaxe":1,"minecraft:furnace":1,"minecraft:bone_meal":6,"minecraft:stone_axe":1,"minecraft:bread":33,"minecraft:stick":12,"minecraft:stone_pickaxe":1,"minecraft:stone_sword":1,"minecraft:wheat":99},"minecraft:killed_by":{"minecraft:husk":1,"born_in_chaos_v1:restless_spirit":1,"minecraft:zombie":2,"born_in_chaos_v1:fallen_chaos_knight":1,"born_in_chaos_v1:door_knight":1,"born_in_chaos_v1:skeleton_demoman":1},"minecraft:custom":{"minecraft:interact_with_furnace":3,"minecraft:mob_kills":15,"minecraft:interact_with_crafting_table":5,"minecraft:bell_ring":2,"minecraft:damage_dealt_resisted":70,"minecraft:leave_game":14,"minecraft:time_since_death":41885,"minecraft:climb_one_cm":299,"minecraft:time_since_rest":42612,"minecraft:sprint_one_cm":158157,"minecraft:damage_taken":3070,"minecraft:walk_one_cm":282483,"minecraft:drop":12,"minecraft:damage_dealt":3049,"minecraft:swim_one_cm":23013,"minecraft:fly_one_cm":1199482,"minecraft:open_chest":4,"minecraft:crouch_one_cm":3661,"minecraft:play_time":220327,"minecraft:deaths":12,"minecraft:sneak_time":2335,"minecraft:walk_under_water_one_cm":1870,"minecraft:jump":1896,"minecraft:walk_on_water_one_cm":8214,"minecraft:total_world_time":220327,"minecraft:fall_one_cm":47589},"minecraft:dropped":{"minecraft:bread":1,"minecraft:wheat_seeds":2,"minecraft:beetroot":3,"minecraft:stick":4,"minecraft:dirt":2},"minecraft:killed":{"born_in_chaos_v1:baby_skeleton":1,"born_in_chaos_v1:swarmer":1,"minecraft:spider":1,"born_in_chaos_v1:decrepit_skeleton":1,"minecraft:skeleton":1,"minecraft:zombie":1,"born_in_chaos_v1:corpse_fly":6,"born_in_chaos_v1:dark_vortex":1,"mca:female_villager":2},"minecraft:picked_up":{"born_in_chaos_v1:corpse_maggot":1,"minecraft:wheat":1,"minecraft:azure_bluet":1,"securitycraft:reinforced_lantern":1,"minecraft:potato":4,"minecraft:oak_log":5,"minecraft:dirt":56,"born_in_chaos_v1:marigolds":3,"minecraft:bone":2,"chococraft:gysahl_green":18,"minecraft:beetroot":4,"chococraft:gold_gysahl":1,"minecraft:wheat_seeds":40,"minecraft:poppy":1,"minecraft:egg":2,"minecraft:stick":4,"minecraft:dandelion":3,"minecraft:torch":4,"born_in_chaos_v1:ethereal_spirit":1,"born_in_chaos_v1:dark_rod":1,"chococraft:gysahl_green_seeds":8,"minecraft:carrot":4,"minecraft:spruce_door":1,"minecraft:arrow":4,"minecraft:beetroot_seeds":7,"minecraft:hay_block":11,"minecraft:bread":3,"minecraft:cobblestone":35}},"DataVersion":3465}