{"stats":{"minecraft:mined":{"minecraft:cobblestone_stairs":16,"minecraft:glow_lichen":2,"minecraft:granite":5,"minecraft:stone_button":1,"minecraft:grass_block":37,"minecraft:jungle_planks":125,"minecraft:jungle_log":37,"minecraft:oak_wall_sign":1,"minecraft:hay_block":13,"minecraft:carrots":21,"minecraft:iron_ore":6,"minecraft:andesite":22,"regions_unexplored:redwood_planks":27,"minecraft:azure_bluet":1,"chococraft:gysahl_green":20,"minecraft:potatoes":40,"minecraft:dirt_path":1,"minecraft:vine":5,"regions_unexplored:medium_grass":1,"minecraft:bamboo":1,"minecraft:stone":730,"regions_unexplored:redwood_log":43,"minecraft:podzol":15,"minecraft:brown_mushroom":1,"born_in_chaos_v1:marigolds":3,"minecraft:dandelion":5,"minecraft:clay":1,"minecraft:oak_fence":1,"minecraft:torch":6,"minecraft:crafting_table":4,"minecraft:poppy":1,"minecraft:melon":18,"minecraft:dead_bush":4,"minecraft:copper_ore":1,"minecraft:tall_grass":3,"minecraft:cobblestone":40,"minecraft:oak_planks":2,"minecraft:wall_torch":20,"minecraft:diorite":7,"minecraft:wheat":1,"minecraft:grass":185,"minecraft:coal_ore":91,"minecraft:oak_log":17,"minecraft:beetroots":1,"minecraft:gravel":105,"minecraft:dirt":232,"minecraft:stone_bricks":7,"minecraft:oak_leaves":11,"minecraft:fern":3},"minecraft:crafted":{"minecraft:oak_planks":76,"minecraft:stone_shovel":1,"minecraft:oak_sign":3,"born_in_chaos_v1:nightmare_mantleofthe_night_boots":1,"minecraft:furnace":5,"minecraft:stone_button":1,"minecraft:cobblestone_stairs":12,"minecraft:stone":140,"minecraft:bone_meal":72,"born_in_chaos_v1:spiny_shell_armor_helmet":1,"minecraft:melon_seeds":20,"minecraft:iron_axe":1,"minecraft:stone_pickaxe":4,"minecraft:stone_pressure_plate":1,"minecraft:chest":4,"minecraft:stone_bricks":80,"minecraft:wheat":108,"minecraft:crafting_table":4,"minecraft:iron_helmet":1,"minecraft:wooden_pickaxe":1,"minecraft:baked_potato":16,"minecraft:iron_sword":1,"minecraft:cooked_salmon":1,"minecraft:mangrove_planks":8,"minecraft:bucket":1,"minecraft:stone_axe":3,"minecraft:air":0,"minecraft:bread":33,"minecraft:jungle_planks":148,"regions_unexplored:redwood_planks":140,"minecraft:iron_chestplate":1,"minecraft:wooden_hoe":1,"minecraft:stick":44,"minecraft:iron_ingot":27,"minecraft:iron_pickaxe":2,"minecraft:wooden_axe":1,"minecraft:stone_sword":1,"minecraft:iron_shovel":1,"minecraft:iron_leggings":1,"minecraft:torch":8},"minecraft:picked_up":{"minecraft:fishing_rod":1,"minecraft:crafting_table":4,"chococraft:loverly_gysahl_green":1,"minecraft:wheat":6,"minecraft:azure_bluet":1,"justenoughdrugz:coca_seeds":2,"born_in_chaos_v1:river_mint":2,"minecraft:clay_ball":4,"born_in_chaos_v1:seedof_chaos":1,"securitycraft:reinforced_lantern":1,"minecraft:brown_mushroom":6,"born_in_chaos_v1:bloody_gadfly_eye":1,"minecraft:chain":2,"minecraft:string":17,"minecraft:iron_shovel":1,"minecraft:oak_sign":2,"minecraft:beetroot":4,"justenoughdrugz:weed_seed":4,"minecraft:poppy":1,"regions_unexplored:redwood_planks":82,"minecraft:melon_slice":93,"minecraft:mangrove_log":2,"regions_unexplored:redwood_log":55,"minecraft:egg":2,"minecraft:raw_iron":27,"minecraft:stick":16,"born_in_chaos_v1:shattered_skull":3,"minecraft:oak_fence":1,"minecraft:torch":34,"securitycraft:camera_monitor":1,"minecraft:stone_button":1,"born_in_chaos_v1:pieceofdarkmetal":8,"minecraft:diorite":14,"minecraft:carrot":68,"minecraft:arrow":13,"minecraft:rotten_flesh":124,"minecraft:beetroot_seeds":7,"minecraft:hay_block":12,"securitycraft:reinforced_stone_bricks":64,"born_in_chaos_v1:spiny_shell":5,"minecraft:gold_ingot":6,"born_in_chaos_v1:trident_hayfork":3,"minecraft:cobblestone":913,"born_in_chaos_v1:fused_bone":1,"born_in_chaos_v1:corpse_maggot":34,"minecraft:feather":3,"born_in_chaos_v1:monster_flesh":10,"minecraft:jungle_log":43,"minecraft:andesite":41,"minecraft:salmon":1,"minecraft:potato":94,"minecraft:mushroom_stew":2,"minecraft:flint":21,"minecraft:oak_log":25,"minecraft:gunpowder":11,"minecraft:cobblestone_stairs":17,"minecraft:dirt":317,"securitycraft:sentry":1,"born_in_chaos_v1:monster_skin":4,"born_in_chaos_v1:marigolds":3,"minecraft:bone":30,"chococraft:gysahl_green":50,"minecraft:apple":14,"minecraft:stone_bricks":7,"chococraft:gold_gysahl":1,"minecraft:bow":1,"minecraft:wheat_seeds":100,"born_in_chaos_v1:smoked_flesh":4,"minecraft:iron_ingot":34,"minecraft:bamboo":152,"minecraft:iron_sword":1,"minecraft:oak_planks":24,"minecraft:book":4,"born_in_chaos_v1:ethereal_spirit":12,"minecraft:dandelion":3,"minecraft:gravel":170,"born_in_chaos_v1:dark_rod":3,"minecraft:sand":16,"minecraft:jungle_planks":216,"chococraft:gysahl_green_seeds":26,"minecraft:grass_block":1,"minecraft:spruce_door":1,"minecraft:spider_eye":1,"minecraft:pumpkin_seeds":43,"minecraft:stone_axe":3,"minecraft:granite":8,"minecraft:bread":10,"minecraft:emerald":4,"minecraft:baked_potato":10,"born_in_chaos_v1:rotten_fish":2,"minecraft:melon_seeds":8,"minecraft:coal":99,"minecraft:ender_pearl":2},"minecraft:used":{"minecraft:netherite_sword":10,"minecraft:oak_fence":1,"securitycraft:reinforced_bone_block":101,"securitycraft:reinforced_spruce_slab":31,"minecraft:stone_sword":25,"minecraft:iron_shovel":155,"create:schematic_table":5,"securitycraft:reinforced_moss_carpet":2,"securitycraft:keypad_chest":3,"minecraft:stone_shovel":25,"minecraft:oak_sign":3,"minecraft:chest":6,"minecraft:spruce_planks":155,"minecraft:iron_sword":175,"minecraft:stone":12,"securitycraft:security_camera":2,"minecraft:cooked_salmon":1,"minecraft:rotten_flesh":16,"securitycraft:reinforced_iron_bars":42,"minecraft:torch":82,"minecraft:dirt":187,"minecraft:jungle_planks":131,"minecraft:spruce_stairs":69,"minecraft:carrot":73,"minecraft:spruce_fence":40,"minecraft:wooden_axe":6,"securitycraft:camera_monitor":1,"securitycraft:reinforced_birch_stairs":3,"minecraft:iron_axe":201,"minecraft:grass_block":296,"securitycraft:reinforced_spruce_stairs":142,"minecraft:melon_seeds":20,"minecraft:stone_bricks":107,"minecraft:glowstone":32,"minecraft:reinforced_deepslate":1,"securitycraft:reinforced_lantern":13,"securitycraft:sentry":17,"minecraft:oak_sapling":1,"minecraft:furnace":5,"securitycraft:reinforced_glass":43,"vm:vending_machine":11,"minecraft:beetroot_seeds":1,"minecraft:egg":2,"minecraft:potato":83,"born_in_chaos_v1:nightmare_mantleofthe_night_boots":1,"minecraft:stripped_spruce_wood":3,"born_in_chaos_v1:trident_hayfork":214,"minecraft:water_bucket":5,"minecraft:cobblestone_stairs":26,"minecraft:dirt_path":61,"minecraft:spruce_door":2,"securitycraft:reinforced_grass_path":12,"securitycraft:reinforced_cobblestone":82,"securitycraft:reinforced_spruce_planks":113,"minecraft:stone_pickaxe":407,"minecraft:baked_potato":26,"minecraft:oak_planks":2,"minecraft:wooden_pickaxe":23,"minecraft:deepslate_bricks":4,"securitycraft:reinforced_glass_pane":16,"regions_unexplored:redwood_planks":31,"securitycraft:reinforced_stone_bricks":181,"minecraft:crafting_table":8,"create:schematicannon":4,"born_in_chaos_v1:spawn_structures_lookout_tower":1,"minecraft:white_bed":1,"minecraft:spruce_log":16,"minecraft:oak_log":6,"minecraft:wooden_hoe":59,"minecraft:apple":2,"securitycraft:reinforced_chiseled_stone_bricks":91,"born_in_chaos_v1:monster_flesh":1,"minecraft:iron_pickaxe":500,"minecraft:stone_button":1,"minecraft:command_block":30,"minecraft:melon_slice":32,"minecraft:bread":1,"minecraft:spruce_trapdoor":1,"minecraft:gravel":14,"minecraft:stone_axe":196,"minecraft:chiseled_stone_bricks":6,"minecraft:diamond_sword":17,"minecraft:wooden_sword":11,"minecraft:cobblestone":134,"born_in_chaos_v1:rotten_fish":1,"securitycraft:reinforced_dark_oak_wood":4,"minecraft:andesite":3,"minecraft:bucket":1,"minecraft:birch_log":1,"securitycraft:reinforced_birch_planks":1,"chococraft:gysahl_green":11,"securitycraft:reinforced_oak_log":160,"minecraft:bone_meal":66},"minecraft:dropped":{"born_in_chaos_v1:shattered_skull":1,"minecraft:iron_ingot":1,"minecraft:bread":21,"minecraft:iron_sword":1,"minecraft:wheat_seeds":9,"minecraft:ender_pearl":1,"minecraft:feather":2,"minecraft:iron_helmet":1,"minecraft:cobblestone":47,"chococraft:gysahl_green_seeds":1,"minecraft:mangrove_planks":8,"minecraft:cobblestone_stairs":2,"minecraft:stick":5,"minecraft:emerald":2,"born_in_chaos_v1:monster_flesh":2,"minecraft:dirt":48,"born_in_chaos_v1:river_mint":1,"minecraft:torch":2,"minecraft:melon_slice":35,"regions_unexplored:redwood_log":8,"born_in_chaos_v1:fused_bone":1,"born_in_chaos_v1:trident_hayfork":2,"minecraft:bone":1,"minecraft:stone_axe":3,"minecraft:wheat":1,"born_in_chaos_v1:rotten_fish":1,"born_in_chaos_v1:ethereal_spirit":5,"minecraft:beetroot":3,"justenoughdrugz:weed_seed":4,"minecraft:rotten_flesh":22,"regions_unexplored:redwood_planks":1,"minecraft:potato":2,"born_in_chaos_v1:seedof_chaos":1,"minecraft:jungle_log":6,"minecraft:bamboo":152,"born_in_chaos_v1:dark_rod":1},"minecraft:custom":{"minecraft:mob_kills":166,"minecraft:interact_with_crafting_table":88,"minecraft:open_barrel":1,"minecraft:bell_ring":3,"minecraft:damage_dealt_resisted":1705,"minecraft:leave_game":22,"minecraft:time_since_death":56462,"minecraft:climb_one_cm":5224,"minecraft:sprint_one_cm":703280,"minecraft:walk_one_cm":1113104,"minecraft:drop":112,"minecraft:play_time":747439,"minecraft:sneak_time":16622,"minecraft:deaths":18,"minecraft:walk_under_water_one_cm":14013,"minecraft:jump":7276,"minecraft:walk_on_water_one_cm":21985,"minecraft:total_world_time":747439,"minecraft:interact_with_furnace":67,"minecraft:sleep_in_bed":5,"minecraft:time_since_rest":35138,"minecraft:damage_taken":8113,"minecraft:damage_dealt":30337,"minecraft:swim_one_cm":26879,"minecraft:fly_one_cm":2755099,"minecraft:open_chest":91,"minecraft:crouch_one_cm":50235,"minecraft:fall_one_cm":148512,"minecraft:horse_one_cm":4080},"minecraft:broken":{"minecraft:stone_pickaxe":3,"minecraft:iron_axe":1,"minecraft:stone_axe":1,"minecraft:iron_pickaxe":2,"born_in_chaos_v1:trident_hayfork":1,"minecraft:wooden_hoe":1},"minecraft:killed":{"mca:male_zombie_villager":1,"born_in_chaos_v1:restless_spirit":6,"born_in_chaos_v1:zombie_lumberjack":3,"born_in_chaos_v1:skeleton_demoman":1,"minecraft:spider":6,"born_in_chaos_v1:thornshell_crab":2,"born_in_chaos_v1:siamese_skeletonsright":2,"born_in_chaos_v1:zombie_bruiser":3,"minecraft:phantom":1,"born_in_chaos_v1:baby_skeleton_minion":5,"born_in_chaos_v1:maggot":18,"minecraft:skeleton":3,"minecraft:chicken":1,"born_in_chaos_v1:skeleton_thrasher":1,"born_in_chaos_v1:spiritof_chaos":1,"born_in_chaos_v1:fallen_chaos_knight":2,"born_in_chaos_v1:bone_imp_minion":4,"born_in_chaos_v1:baby_skeleton":3,"born_in_chaos_v1:swarmer":2,"minecraft:creeper":5,"born_in_chaos_v1:decrepit_skeleton":13,"minecraft:pillager":2,"born_in_chaos_v1:zombie_fisherman":5,"minecraft:zombie":16,"born_in_chaos_v1:dread_hound":8,"born_in_chaos_v1:corpse_fly":36,"born_in_chaos_v1:dark_vortex":2,"mca:female_villager":2,"born_in_chaos_v1:door_knight":2,"born_in_chaos_v1:siamese_skeletonsleft":2},"minecraft:killed_by":{"minecraft:husk":1,"minecraft:player":1,"born_in_chaos_v1:restless_spirit":1,"born_in_chaos_v1:fallen_chaos_knight":1,"minecraft:zombie":2,"born_in_chaos_v1:door_knight":1,"born_in_chaos_v1:skeleton_demoman":1}},"DataVersion":3465}