{"stats":{"minecraft:used":{"minecraft:netherite_sword":10,"securitycraft:reinforced_grass_path":12,"minecraft:dirt_path":10,"minecraft:command_block":10,"securitycraft:reinforced_cobblestone":82,"securitycraft:reinforced_chiseled_stone_bricks":91,"securitycraft:reinforced_moss_carpet":2,"minecraft:grass_block":2,"securitycraft:reinforced_spruce_stairs":123,"securitycraft:sentry":5,"minecraft:stone_bricks":10,"securitycraft:reinforced_lantern":13,"minecraft:deepslate_bricks":4,"minecraft:torch":2,"minecraft:glowstone":32,"securitycraft:reinforced_glass_pane":16,"securitycraft:reinforced_stone_bricks":134,"minecraft:chiseled_stone_bricks":6,"minecraft:dirt":20,"minecraft:cobblestone":4,"securitycraft:reinforced_dark_oak_wood":4,"securitycraft:reinforced_glass":43,"minecraft:beetroot_seeds":1,"securitycraft:reinforced_birch_planks":1,"minecraft:spruce_log":16,"securitycraft:reinforced_oak_log":160},"minecraft:picked_up":{"minecraft:wheat":1,"minecraft:stick":4,"minecraft:azure_bluet":1,"minecraft:potato":4,"securitycraft:reinforced_lantern":1,"minecraft:dandelion":3,"minecraft:torch":1,"minecraft:carrot":4,"born_in_chaos_v1:marigolds":3,"minecraft:dirt":21,"minecraft:arrow":2,"minecraft:beetroot":4,"minecraft:beetroot_seeds":7,"minecraft:wheat_seeds":38,"minecraft:bread":3,"minecraft:poppy":1},"minecraft:dropped":{"minecraft:dirt":1,"minecraft:wheat_seeds":2,"minecraft:beetroot":3,"minecraft:stick":4},"minecraft:killed":{"minecraft:skeleton":1,"minecraft:spider":1,"mca:female_villager":2},"minecraft:mined":{"born_in_chaos_v1:marigolds":3,"minecraft:dandelion":5,"minecraft:azure_bluet":1,"minecraft:poppy":1,"minecraft:torch":1,"minecraft:dirt_path":1,"minecraft:glow_lichen":2,"minecraft:grass":169,"minecraft:grass_block":8,"minecraft:beetroots":1,"minecraft:dead_bush":4,"minecraft:dirt":12,"minecraft:tall_grass":3,"minecraft:oak_leaves":2,"minecraft:wall_torch":1},"minecraft:custom":{"minecraft:time_since_rest":109417,"minecraft:sprint_one_cm":100447,"minecraft:damage_taken":2700,"minecraft:walk_one_cm":216495,"minecraft:mob_kills":4,"minecraft:drop":10,"minecraft:damage_dealt":865,"minecraft:swim_one_cm":20425,"minecraft:fly_one_cm":614528,"minecraft:open_chest":1,"minecraft:crouch_one_cm":1990,"minecraft:play_time":147471,"minecraft:bell_ring":2,"minecraft:deaths":10,"minecraft:sneak_time":1294,"minecraft:walk_under_water_one_cm":1225,"minecraft:jump":1341,"minecraft:leave_game":7,"minecraft:walk_on_water_one_cm":5454,"minecraft:time_since_death":109390,"minecraft:climb_one_cm":299,"minecraft:total_world_time":147471,"minecraft:fall_one_cm":36489},"minecraft:killed_by":{"minecraft:husk":1,"born_in_chaos_v1:fallen_chaos_knight":1,"born_in_chaos_v1:restless_spirit":1,"born_in_chaos_v1:door_knight":1,"minecraft:zombie":2,"born_in_chaos_v1:skeleton_demoman":1}},"DataVersion":3465}