{"stats":{"minecraft:killed":{"minecraft:creeper":1,"minecraft:sheep":3,"minecraft:skeleton":1,"minecraft:zombie":2,"born_in_chaos_v1:skeleton_thrasher":1},"minecraft:custom":{"minecraft:interact_with_furnace":5,"minecraft:mob_kills":9,"minecraft:interact_with_crafting_table":19,"minecraft:leave_game":1,"minecraft:time_since_death":72336,"minecraft:sleep_in_bed":4,"minecraft:time_since_rest":24959,"minecraft:sprint_one_cm":73094,"minecraft:damage_taken":610,"minecraft:walk_one_cm":171655,"minecraft:drop":5,"minecraft:damage_dealt":1531,"minecraft:fly_one_cm":57479,"minecraft:open_chest":4,"minecraft:crouch_one_cm":697,"minecraft:play_time":80805,"minecraft:deaths":1,"minecraft:sneak_time":173,"minecraft:jump":493,"minecraft:walk_on_water_one_cm":631,"minecraft:total_world_time":80805,"minecraft:fall_one_cm":11275},"minecraft:picked_up":{"minecraft:birch_log":37,"born_in_chaos_v1:corpse_maggot":4,"minecraft:crafting_table":2,"chococraft:loverly_gysahl_green":1,"minecraft:wheat":3,"minecraft:oak_log":12,"minecraft:gunpowder":2,"minecraft:dirt":1055,"minecraft:bone":5,"chococraft:gysahl_green":25,"minecraft:wheat_seeds":17,"justenoughdrugz:weed_seed":1,"minecraft:birch_sapling":7,"minecraft:raw_iron":10,"minecraft:stick":6,"chococraft:gysahl_green_seeds":8,"minecraft:carrot":10,"minecraft:white_bed":1,"born_in_chaos_v1:pieceofdarkmetal":2,"minecraft:arrow":2,"minecraft:rotten_flesh":4,"minecraft:mutton":5,"minecraft:coal":19,"minecraft:white_wool":3,"minecraft:cobblestone":23},"minecraft:broken":{"minecraft:wooden_axe":2,"minecraft:stone_shovel":6},"minecraft:crafted":{"minecraft:oak_planks":44,"minecraft:stone_shovel":6,"minecraft:crafting_table":3,"minecraft:wooden_pickaxe":1,"minecraft:furnace":1,"minecraft:cooked_mutton":5,"minecraft:air":0,"minecraft:stick":24,"minecraft:iron_ingot":2,"minecraft:stone_pickaxe":1,"minecraft:wooden_axe":2,"minecraft:chest":1,"minecraft:iron_shovel":2,"minecraft:white_bed":1,"minecraft:torch":24},"minecraft:dropped":{"justenoughdrugz:weed_seed":1,"minecraft:rotten_flesh":4},"minecraft:mined":{"minecraft:white_bed":1,"minecraft:crafting_table":2,"minecraft:grass_block":721,"minecraft:tall_grass":2,"minecraft:carrots":3,"minecraft:birch_log":39,"minecraft:iron_ore":10,"minecraft:wheat":3,"minecraft:grass":8,"chococraft:gysahl_green":9,"minecraft:oak_log":12,"minecraft:coal_ore":19,"minecraft:dirt":318,"minecraft:stone":23,"minecraft:oak_leaves":1,"minecraft:fern":1},"minecraft:used":{"minecraft:cooked_mutton":1,"minecraft:wheat_seeds":3,"minecraft:iron_shovel":214,"minecraft:stone_shovel":794,"minecraft:stone_pickaxe":15,"minecraft:chest":1,"minecraft:wooden_pickaxe":37,"minecraft:torch":6,"minecraft:dirt":299,"minecraft:crafting_table":4,"minecraft:carrot":19,"minecraft:white_bed":2,"minecraft:oak_log":1,"born_in_chaos_v1:corpse_maggot":4,"minecraft:wooden_axe":84,"minecraft:furnace":1}},"DataVersion":3465}