{"stats":{"minecraft:killed":{"minecraft:creeper":1,"born_in_chaos_v1:maggot":3,"minecraft:skeleton":3,"minecraft:sheep":4,"minecraft:zombie":2,"born_in_chaos_v1:corpse_fly":4,"born_in_chaos_v1:skeleton_thrasher":1,"born_in_chaos_v1:door_knight":1},"minecraft:custom":{"minecraft:interact_with_furnace":20,"minecraft:mob_kills":21,"minecraft:interact_with_crafting_table":38,"minecraft:interact_with_stonecutter":4,"minecraft:leave_game":2,"minecraft:time_since_death":27348,"minecraft:sleep_in_bed":9,"minecraft:time_since_rest":15236,"minecraft:sprint_one_cm":162444,"minecraft:damage_taken":1270,"minecraft:walk_one_cm":328882,"minecraft:drop":12,"minecraft:damage_dealt":3453,"minecraft:swim_one_cm":581,"minecraft:fly_one_cm":153575,"minecraft:open_chest":20,"minecraft:crouch_one_cm":1427,"minecraft:play_time":140425,"minecraft:deaths":2,"minecraft:sneak_time":834,"minecraft:walk_under_water_one_cm":2723,"minecraft:jump":1109,"minecraft:walk_on_water_one_cm":22335,"minecraft:total_world_time":140425,"minecraft:fall_one_cm":28075},"minecraft:picked_up":{"minecraft:birch_log":37,"born_in_chaos_v1:corpse_maggot":9,"minecraft:crafting_table":2,"chococraft:loverly_gysahl_green":1,"minecraft:wheat":3,"minecraft:oak_log":13,"minecraft:gunpowder":2,"minecraft:dirt":1429,"minecraft:bone":5,"chococraft:gysahl_green":25,"minecraft:wheat_seeds":20,"justenoughdrugz:weed_seed":1,"minecraft:chest":3,"minecraft:birch_sapling":7,"minecraft:furnace":1,"minecraft:stick":6,"minecraft:raw_iron":24,"minecraft:torch":3,"chococraft:gysahl_green_seeds":8,"minecraft:carrot":11,"minecraft:diorite":3,"minecraft:white_bed":2,"born_in_chaos_v1:pieceofdarkmetal":2,"minecraft:rotten_flesh":11,"minecraft:arrow":4,"minecraft:mutton":6,"minecraft:coal":90,"minecraft:white_wool":4,"minecraft:cobblestone":135},"minecraft:broken":{"minecraft:stone_pickaxe":1,"minecraft:iron_shovel":2,"minecraft:wooden_axe":2,"minecraft:stone_shovel":6,"minecraft:wooden_pickaxe":1},"minecraft:killed_by":{"born_in_chaos_v1:door_knight":1},"minecraft:crafted":{"minecraft:oak_planks":48,"minecraft:stone_shovel":12,"minecraft:crafting_table":3,"minecraft:wooden_pickaxe":1,"minecraft:furnace":4,"minecraft:stone":23,"minecraft:bucket":1,"minecraft:birch_planks":148,"minecraft:bread":1,"minecraft:cooked_mutton":6,"minecraft:air":0,"minecraft:iron_axe":1,"minecraft:stick":48,"minecraft:iron_ingot":10,"minecraft:stone_pickaxe":3,"minecraft:wooden_axe":2,"minecraft:stonecutter":1,"minecraft:chest":8,"minecraft:iron_shovel":2,"minecraft:white_bed":1,"minecraft:torch":24,"minecraft:stone_bricks":1},"minecraft:dropped":{"justenoughdrugz:weed_seed":1,"minecraft:rotten_flesh":11},"minecraft:mined":{"minecraft:white_bed":2,"minecraft:crafting_table":2,"minecraft:torch":1,"minecraft:grass_block":967,"minecraft:chest":3,"minecraft:tall_grass":13,"minecraft:cobblestone":108,"minecraft:wall_torch":1,"minecraft:diorite":3,"minecraft:furnace":1,"minecraft:carrots":3,"minecraft:birch_log":39,"minecraft:iron_ore":24,"minecraft:wheat":3,"minecraft:grass":23,"chococraft:gysahl_green":9,"minecraft:oak_log":12,"minecraft:coal_ore":89,"minecraft:dirt_path":1,"minecraft:dirt":445,"minecraft:stone":50,"minecraft:oak_leaves":1,"minecraft:fern":1},"minecraft:used":{"minecraft:cooked_mutton":6,"minecraft:wheat_seeds":3,"minecraft:water_bucket":42,"minecraft:iron_shovel":502,"minecraft:stone_shovel":872,"minecraft:stone_pickaxe":216,"minecraft:wooden_pickaxe":59,"minecraft:chest":11,"minecraft:stonecutter":1,"minecraft:torch":12,"minecraft:dirt":322,"minecraft:crafting_table":4,"minecraft:carrot":20,"minecraft:white_bed":3,"born_in_chaos_v1:corpse_maggot":9,"minecraft:oak_log":1,"minecraft:wooden_axe":84,"minecraft:lava_bucket":2,"minecraft:iron_axe":35,"minecraft:cobblestone":14,"minecraft:furnace":5,"minecraft:bucket":45}},"DataVersion":3465}