{"stats":{"minecraft:killed":{"minecraft:sheep":2,"minecraft:skeleton":1,"minecraft:zombie":1,"minecraft:creeper":1},"minecraft:picked_up":{"chococraft:loverly_gysahl_green":1,"born_in_chaos_v1:corpse_maggot":4,"minecraft:stick":3,"minecraft:wheat":3,"minecraft:oak_log":12,"chococraft:gysahl_green_seeds":8,"minecraft:carrot":10,"minecraft:gunpowder":2,"minecraft:dirt":67,"minecraft:arrow":2,"minecraft:bone":1,"minecraft:rotten_flesh":4,"chococraft:gysahl_green":25,"minecraft:wheat_seeds":9,"justenoughdrugz:weed_seed":1,"minecraft:mutton":3,"minecraft:birch_log":8,"minecraft:coal":19,"minecraft:cobblestone":18,"minecraft:white_wool":2,"minecraft:crafting_table":1},"minecraft:custom":{"minecraft:time_since_rest":18363,"minecraft:sprint_one_cm":49254,"minecraft:damage_taken":465,"minecraft:walk_one_cm":53550,"minecraft:mob_kills":6,"minecraft:drop":5,"minecraft:damage_dealt":664,"minecraft:interact_with_crafting_table":5,"minecraft:fly_one_cm":35773,"minecraft:crouch_one_cm":551,"minecraft:play_time":26805,"minecraft:deaths":1,"minecraft:sneak_time":82,"minecraft:jump":204,"minecraft:leave_game":1,"minecraft:walk_on_water_one_cm":631,"minecraft:time_since_death":18336,"minecraft:total_world_time":26805,"minecraft:fall_one_cm":3908},"minecraft:crafted":{"minecraft:oak_planks":44,"minecraft:stone_shovel":1,"minecraft:crafting_table":3,"minecraft:stick":8,"minecraft:wooden_pickaxe":1,"minecraft:wooden_axe":2},"minecraft:dropped":{"justenoughdrugz:weed_seed":1,"minecraft:rotten_flesh":4},"minecraft:mined":{"minecraft:carrots":3,"minecraft:birch_log":10,"minecraft:wheat":3,"minecraft:crafting_table":1,"minecraft:grass":3,"minecraft:grass_block":63,"chococraft:gysahl_green":9,"minecraft:coal_ore":19,"minecraft:oak_log":12,"minecraft:dirt":12,"minecraft:stone":18,"minecraft:oak_leaves":1},"minecraft:used":{"born_in_chaos_v1:corpse_maggot":4,"minecraft:oak_log":1,"minecraft:wooden_axe":31,"minecraft:stone_shovel":71,"minecraft:wooden_pickaxe":37,"minecraft:dirt":8,"minecraft:crafting_table":3,"minecraft:carrot":15,"minecraft:wheat_seeds":3}},"DataVersion":3465}