{"stats":{"minecraft:killed":{"minecraft:creeper":3,"born_in_chaos_v1:maggot":3,"minecraft:skeleton":3,"minecraft:sheep":4,"minecraft:zombie":2,"born_in_chaos_v1:corpse_fly":4,"born_in_chaos_v1:skeleton_thrasher":1,"born_in_chaos_v1:door_knight":1},"minecraft:custom":{"minecraft:interact_with_furnace":62,"minecraft:mob_kills":23,"minecraft:interact_with_crafting_table":42,"minecraft:interact_with_stonecutter":9,"minecraft:leave_game":3,"minecraft:time_since_death":71409,"minecraft:sleep_in_bed":13,"minecraft:time_since_rest":0,"minecraft:sprint_one_cm":235611,"minecraft:damage_taken":1465,"minecraft:walk_one_cm":484740,"minecraft:drop":12,"minecraft:damage_dealt":3853,"minecraft:swim_one_cm":581,"minecraft:fly_one_cm":204660,"minecraft:open_chest":30,"minecraft:crouch_one_cm":1589,"minecraft:play_time":184486,"minecraft:deaths":2,"minecraft:sneak_time":934,"minecraft:walk_under_water_one_cm":8021,"minecraft:jump":1523,"minecraft:walk_on_water_one_cm":23877,"minecraft:total_world_time":184486,"minecraft:fall_one_cm":36119},"minecraft:picked_up":{"minecraft:birch_log":37,"born_in_chaos_v1:corpse_maggot":9,"minecraft:crafting_table":2,"chococraft:loverly_gysahl_green":1,"minecraft:wheat":17,"minecraft:stone_brick_stairs":2,"minecraft:oak_log":13,"minecraft:gunpowder":6,"minecraft:dirt":1585,"minecraft:bone":5,"chococraft:gysahl_green":25,"minecraft:stone_bricks":23,"minecraft:wheat_seeds":60,"justenoughdrugz:weed_seed":1,"minecraft:chest":3,"minecraft:birch_sapling":7,"minecraft:furnace":1,"minecraft:stick":6,"minecraft:raw_iron":24,"minecraft:chiseled_stone_bricks":4,"minecraft:torch":12,"chococraft:gysahl_green_seeds":8,"minecraft:carrot":11,"minecraft:diorite":3,"minecraft:white_bed":2,"born_in_chaos_v1:pieceofdarkmetal":2,"minecraft:rotten_flesh":11,"minecraft:arrow":4,"minecraft:mutton":6,"minecraft:coal":90,"minecraft:white_wool":4,"minecraft:cobblestone":248},"minecraft:broken":{"minecraft:stone_pickaxe":3,"minecraft:iron_shovel":2,"minecraft:wooden_axe":2,"minecraft:wooden_hoe":1,"minecraft:stone_shovel":8,"minecraft:wooden_pickaxe":1},"minecraft:killed_by":{"born_in_chaos_v1:door_knight":1},"minecraft:crafted":{"minecraft:oak_planks":48,"minecraft:stone_shovel":12,"minecraft:crafting_table":3,"minecraft:wooden_pickaxe":1,"minecraft:furnace":4,"minecraft:stone":176,"minecraft:bone_meal":24,"minecraft:bucket":1,"minecraft:birch_planks":148,"minecraft:bread":5,"minecraft:cooked_mutton":6,"minecraft:air":0,"minecraft:wooden_hoe":2,"minecraft:iron_axe":1,"minecraft:stick":48,"minecraft:iron_ingot":10,"minecraft:stone_pickaxe":3,"minecraft:wooden_axe":2,"minecraft:stonecutter":1,"minecraft:chest":8,"minecraft:iron_shovel":2,"minecraft:white_bed":1,"minecraft:torch":24,"minecraft:stone_bricks":1},"minecraft:dropped":{"justenoughdrugz:weed_seed":1,"minecraft:rotten_flesh":11},"minecraft:mined":{"minecraft:white_bed":2,"minecraft:crafting_table":2,"minecraft:torch":8,"minecraft:grass_block":1049,"minecraft:chest":3,"minecraft:tall_grass":13,"minecraft:cobblestone":255,"minecraft:wall_torch":3,"minecraft:diorite":3,"minecraft:chiseled_stone_bricks":4,"minecraft:furnace":1,"minecraft:carrots":3,"minecraft:birch_log":39,"minecraft:iron_ore":24,"minecraft:wheat":19,"minecraft:stone_brick_stairs":2,"minecraft:grass":36,"chococraft:gysahl_green":9,"minecraft:oak_log":12,"minecraft:coal_ore":89,"minecraft:dirt_path":3,"minecraft:dirt":517,"minecraft:stone_bricks":23,"minecraft:stone":51,"minecraft:oak_leaves":1,"minecraft:fern":5},"minecraft:used":{"minecraft:cooked_mutton":6,"minecraft:wheat_seeds":60,"minecraft:water_bucket":54,"minecraft:iron_shovel":502,"minecraft:stone_shovel":1058,"minecraft:stone_pickaxe":393,"minecraft:wooden_pickaxe":59,"minecraft:chest":11,"minecraft:stonecutter":1,"minecraft:torch":36,"minecraft:dirt":538,"minecraft:crafting_table":4,"minecraft:carrot":20,"minecraft:white_bed":3,"born_in_chaos_v1:corpse_maggot":9,"minecraft:oak_log":1,"minecraft:wooden_axe":84,"minecraft:wooden_hoe":72,"minecraft:lava_bucket":2,"minecraft:bread":5,"minecraft:iron_axe":39,"minecraft:stone_brick_stairs":54,"minecraft:chiseled_stone_bricks":8,"minecraft:stone_bricks":132,"minecraft:cobblestone":14,"minecraft:furnace":5,"minecraft:bucket":56,"chococraft:gysahl_green":7,"minecraft:bone_meal":24}},"DataVersion":3465}