{"stats":{"minecraft:mined":{"minecraft:white_bed":2,"minecraft:crafting_table":2,"minecraft:torch":8,"minecraft:grass_block":1049,"minecraft:chest":3,"minecraft:jungle_log":6,"minecraft:tall_grass":14,"minecraft:cobblestone":456,"minecraft:wall_torch":3,"minecraft:diorite":3,"minecraft:chiseled_stone_bricks":4,"minecraft:furnace":1,"minecraft:carrots":3,"minecraft:birch_log":39,"minecraft:iron_ore":24,"minecraft:wheat":40,"minecraft:stone_brick_stairs":2,"minecraft:grass":39,"chococraft:gysahl_green":9,"minecraft:oak_log":12,"minecraft:coal_ore":89,"minecraft:vine":5,"minecraft:dirt_path":3,"minecraft:dirt":517,"minecraft:stone":53,"minecraft:stone_bricks":25,"minecraft:oak_leaves":1,"minecraft:fern":5},"minecraft:used":{"minecraft:cooked_mutton":6,"minecraft:wheat_seeds":102,"minecraft:water_bucket":54,"minecraft:iron_shovel":502,"minecraft:stone_pickaxe":539,"minecraft:stone_shovel":1058,"minecraft:chest":11,"minecraft:wooden_pickaxe":118,"minecraft:stonecutter":1,"minecraft:torch":36,"minecraft:dirt":611,"minecraft:crafting_table":4,"minecraft:carrot":20,"minecraft:white_bed":3,"born_in_chaos_v1:corpse_maggot":9,"minecraft:oak_log":1,"minecraft:wooden_axe":84,"minecraft:wooden_hoe":72,"minecraft:lava_bucket":2,"minecraft:iron_axe":82,"minecraft:bread":7,"minecraft:stone_brick_stairs":54,"minecraft:chiseled_stone_bricks":16,"minecraft:stone_bricks":284,"minecraft:cobblestone":16,"minecraft:furnace":5,"minecraft:cooked_porkchop":10,"minecraft:jungle_door":2,"minecraft:bucket":56,"minecraft:egg":2,"chococraft:gysahl_green":11,"minecraft:bone_meal":24},"minecraft:crafted":{"chococraft:straw":2,"minecraft:oak_planks":48,"minecraft:stone_shovel":12,"minecraft:cooked_porkchop":13,"minecraft:crafting_table":3,"minecraft:wooden_pickaxe":2,"minecraft:furnace":4,"minecraft:stone":334,"minecraft:bone_meal":24,"minecraft:bucket":1,"minecraft:birch_planks":148,"minecraft:cooked_mutton":6,"minecraft:bread":10,"minecraft:air":0,"minecraft:jungle_planks":24,"minecraft:jungle_door":3,"minecraft:wooden_hoe":2,"minecraft:iron_axe":1,"minecraft:stick":52,"minecraft:iron_ingot":24,"minecraft:stone_pickaxe":5,"minecraft:wooden_axe":2,"minecraft:chest":8,"minecraft:iron_shovel":2,"minecraft:stonecutter":1,"minecraft:white_bed":1,"minecraft:torch":24,"minecraft:stone_bricks":1},"minecraft:killed_by":{"born_in_chaos_v1:door_knight":1},"minecraft:custom":{"minecraft:interact_with_furnace":108,"minecraft:mob_kills":36,"minecraft:interact_with_crafting_table":50,"minecraft:open_barrel":6,"minecraft:interact_with_stonecutter":19,"minecraft:leave_game":4,"minecraft:time_since_death":133671,"minecraft:sleep_in_bed":15,"minecraft:climb_one_cm":1256,"minecraft:time_since_rest":22883,"minecraft:sprint_one_cm":450860,"minecraft:damage_taken":1955,"minecraft:walk_one_cm":700035,"minecraft:drop":12,"minecraft:damage_dealt":5573,"minecraft:swim_one_cm":3889,"minecraft:fly_one_cm":415049,"minecraft:play_time":246748,"minecraft:crouch_one_cm":1898,"minecraft:open_chest":50,"minecraft:sneak_time":1093,"minecraft:deaths":2,"minecraft:walk_under_water_one_cm":8788,"minecraft:jump":2542,"minecraft:walk_on_water_one_cm":26056,"minecraft:total_world_time":246748,"minecraft:fall_one_cm":66373},"minecraft:dropped":{"justenoughdrugz:weed_seed":1,"minecraft:rotten_flesh":11},"minecraft:killed":{"minecraft:pig":5,"born_in_chaos_v1:thornshell_crab":1,"minecraft:creeper":3,"born_in_chaos_v1:maggot":3,"minecraft:sheep":4,"minecraft:skeleton":4,"minecraft:zombie":3,"born_in_chaos_v1:corpse_fly":4,"born_in_chaos_v1:skeleton_thrasher":1,"born_in_chaos_v1:door_knight":1,"minecraft:cow":5},"minecraft:picked_up":{"minecraft:birch_log":37,"born_in_chaos_v1:corpse_maggot":9,"minecraft:crafting_table":2,"chococraft:loverly_gysahl_green":1,"minecraft:wheat":34,"minecraft:jungle_log":6,"minecraft:leather":6,"minecraft:stone_brick_stairs":2,"minecraft:oak_log":13,"minecraft:gunpowder":6,"minecraft:dirt":1615,"minecraft:bone":7,"chococraft:gysahl_green":25,"minecraft:stone_bricks":25,"minecraft:wheat_seeds":111,"minecraft:beef":13,"justenoughdrugz:weed_seed":1,"minecraft:chest":3,"minecraft:birch_sapling":7,"minecraft:egg":2,"minecraft:furnace":1,"minecraft:raw_iron":24,"minecraft:stick":6,"minecraft:chiseled_stone_bricks":4,"minecraft:torch":12,"minecraft:porkchop":13,"chococraft:gysahl_green_seeds":8,"minecraft:diorite":3,"minecraft:white_bed":2,"born_in_chaos_v1:pieceofdarkmetal":2,"minecraft:carrot":11,"minecraft:rotten_flesh":11,"minecraft:arrow":5,"born_in_chaos_v1:spiny_shell":4,"born_in_chaos_v1:rotten_fish":2,"minecraft:mutton":6,"minecraft:coal":90,"minecraft:white_wool":4,"minecraft:cobblestone":411},"minecraft:broken":{"minecraft:stone_pickaxe":4,"minecraft:iron_shovel":2,"minecraft:wooden_axe":2,"minecraft:wooden_hoe":1,"minecraft:stone_shovel":8,"minecraft:wooden_pickaxe":2}},"DataVersion":3465}