{"stats":{"minecraft:killed":{"minecraft:sheep":2,"minecraft:skeleton":1,"minecraft:zombie":1,"born_in_chaos_v1:skeleton_thrasher":1,"minecraft:creeper":1},"minecraft:picked_up":{"chococraft:loverly_gysahl_green":1,"born_in_chaos_v1:corpse_maggot":4,"minecraft:stick":4,"minecraft:wheat":3,"minecraft:oak_log":12,"chococraft:gysahl_green_seeds":8,"born_in_chaos_v1:pieceofdarkmetal":2,"minecraft:carrot":10,"minecraft:gunpowder":2,"minecraft:dirt":296,"minecraft:arrow":2,"minecraft:bone":5,"minecraft:rotten_flesh":4,"chococraft:gysahl_green":25,"minecraft:wheat_seeds":12,"justenoughdrugz:weed_seed":1,"minecraft:birch_sapling":1,"minecraft:mutton":3,"minecraft:birch_log":26,"minecraft:coal":19,"minecraft:cobblestone":18,"minecraft:white_wool":2,"minecraft:crafting_table":1},"minecraft:custom":{"minecraft:time_since_rest":36363,"minecraft:sprint_one_cm":54760,"minecraft:damage_taken":510,"minecraft:walk_one_cm":78336,"minecraft:mob_kills":7,"minecraft:drop":5,"minecraft:damage_dealt":1253,"minecraft:interact_with_crafting_table":6,"minecraft:fly_one_cm":38751,"minecraft:crouch_one_cm":551,"minecraft:play_time":44805,"minecraft:deaths":1,"minecraft:sneak_time":82,"minecraft:jump":267,"minecraft:leave_game":1,"minecraft:walk_on_water_one_cm":631,"minecraft:time_since_death":36336,"minecraft:total_world_time":44805,"minecraft:fall_one_cm":4521},"minecraft:broken":{"minecraft:wooden_axe":1,"minecraft:stone_shovel":2},"minecraft:crafted":{"minecraft:oak_planks":44,"minecraft:stone_shovel":2,"minecraft:crafting_table":3,"minecraft:stick":8,"minecraft:wooden_pickaxe":1,"minecraft:wooden_axe":2},"minecraft:dropped":{"justenoughdrugz:weed_seed":1,"minecraft:rotten_flesh":4},"minecraft:mined":{"minecraft:carrots":3,"minecraft:birch_log":28,"minecraft:wheat":3,"minecraft:crafting_table":1,"minecraft:grass":4,"minecraft:grass_block":194,"chococraft:gysahl_green":9,"minecraft:coal_ore":19,"minecraft:oak_log":12,"minecraft:dirt":97,"minecraft:tall_grass":1,"minecraft:stone":18,"minecraft:oak_leaves":1},"minecraft:used":{"born_in_chaos_v1:corpse_maggot":4,"minecraft:oak_log":1,"minecraft:wooden_axe":66,"minecraft:stone_shovel":265,"minecraft:wooden_pickaxe":37,"minecraft:dirt":21,"minecraft:crafting_table":3,"minecraft:carrot":15,"minecraft:wheat_seeds":3}},"DataVersion":3465}