{"stats":{"minecraft:killed":{"minecraft:creeper":1,"minecraft:sheep":3,"minecraft:skeleton":1,"minecraft:zombie":1,"born_in_chaos_v1:skeleton_thrasher":1},"minecraft:custom":{"minecraft:interact_with_furnace":2,"minecraft:mob_kills":8,"minecraft:interact_with_crafting_table":17,"minecraft:leave_game":1,"minecraft:time_since_death":60336,"minecraft:sleep_in_bed":4,"minecraft:time_since_rest":12959,"minecraft:sprint_one_cm":66162,"minecraft:damage_taken":510,"minecraft:walk_one_cm":134510,"minecraft:drop":5,"minecraft:damage_dealt":1333,"minecraft:fly_one_cm":50002,"minecraft:open_chest":3,"minecraft:crouch_one_cm":551,"minecraft:play_time":68805,"minecraft:deaths":1,"minecraft:sneak_time":92,"minecraft:jump":328,"minecraft:walk_on_water_one_cm":631,"minecraft:total_world_time":68805,"minecraft:fall_one_cm":6518},"minecraft:picked_up":{"minecraft:birch_log":37,"born_in_chaos_v1:corpse_maggot":4,"minecraft:crafting_table":2,"chococraft:loverly_gysahl_green":1,"minecraft:wheat":3,"minecraft:oak_log":12,"minecraft:gunpowder":2,"minecraft:dirt":824,"minecraft:bone":5,"chococraft:gysahl_green":25,"minecraft:wheat_seeds":16,"justenoughdrugz:weed_seed":1,"minecraft:birch_sapling":7,"minecraft:raw_iron":2,"minecraft:stick":6,"chococraft:gysahl_green_seeds":8,"minecraft:carrot":10,"minecraft:white_bed":1,"born_in_chaos_v1:pieceofdarkmetal":2,"minecraft:arrow":2,"minecraft:rotten_flesh":4,"minecraft:mutton":5,"minecraft:coal":19,"minecraft:white_wool":3,"minecraft:cobblestone":18},"minecraft:broken":{"minecraft:wooden_axe":1,"minecraft:stone_shovel":6},"minecraft:crafted":{"minecraft:oak_planks":44,"minecraft:stone_shovel":6,"minecraft:crafting_table":3,"minecraft:wooden_pickaxe":1,"minecraft:furnace":1,"minecraft:cooked_mutton":5,"minecraft:air":0,"minecraft:stick":16,"minecraft:stone_pickaxe":1,"minecraft:wooden_axe":2,"minecraft:chest":1,"minecraft:white_bed":1},"minecraft:dropped":{"justenoughdrugz:weed_seed":1,"minecraft:rotten_flesh":4},"minecraft:mined":{"minecraft:white_bed":1,"minecraft:crafting_table":2,"minecraft:grass_block":659,"minecraft:tall_grass":1,"minecraft:carrots":3,"minecraft:birch_log":39,"minecraft:iron_ore":2,"minecraft:wheat":3,"minecraft:grass":8,"chococraft:gysahl_green":9,"minecraft:oak_log":12,"minecraft:coal_ore":19,"minecraft:dirt":162,"minecraft:stone":18,"minecraft:oak_leaves":1,"minecraft:fern":1},"minecraft:used":{"minecraft:wheat_seeds":3,"minecraft:stone_shovel":794,"minecraft:stone_pickaxe":2,"minecraft:chest":1,"minecraft:wooden_pickaxe":37,"minecraft:dirt":35,"minecraft:crafting_table":4,"minecraft:carrot":19,"minecraft:white_bed":2,"minecraft:oak_log":1,"born_in_chaos_v1:corpse_maggot":4,"minecraft:wooden_axe":80,"minecraft:furnace":1}},"DataVersion":3465}