{"stats":{"minecraft:mined":{"create:zinc_ore":4,"minecraft:tuff":3,"minecraft:white_bed":2,"minecraft:deepslate_diamond_ore":9,"minecraft:dark_oak_log":1,"minecraft:granite":1,"minecraft:grass_block":1361,"minecraft:jungle_log":6,"travelersbackpack:white_sleeping_bag":2,"minecraft:spawner":1,"minecraft:chiseled_stone_bricks":4,"minecraft:furnace":1,"minecraft:carrots":3,"minecraft:fire":2,"justenoughdrugz:oil_ore":54,"minecraft:iron_ore":58,"minecraft:cobbled_deepslate":5,"minecraft:deepslate_lapis_ore":2,"chococraft:gysahl_green":9,"minecraft:deepslate_iron_ore":22,"minecraft:vine":5,"minecraft:dirt_path":5,"chococraft:straw":2,"justenoughdrugz:red_phosphorus_block":91,"minecraft:stone":204,"minecraft:birch_pressure_plate":2,"minecraft:deepslate_redstone_ore":21,"minecraft:birch_stairs":7,"minecraft:jungle_door":3,"minecraft:dandelion":1,"minecraft:crafting_table":4,"minecraft:torch":21,"regions_unexplored:peat_grass_block":2,"minecraft:melon":8,"minecraft:chest":3,"minecraft:tall_grass":16,"minecraft:cobblestone":658,"minecraft:lapis_ore":4,"minecraft:deepslate_gold_ore":6,"minecraft:diorite":8,"minecraft:wall_torch":9,"minecraft:birch_planks":26,"minecraft:birch_log":226,"minecraft:wheat":124,"minecraft:stone_brick_stairs":2,"minecraft:grass":41,"minecraft:oak_log":12,"minecraft:coal_ore":117,"minecraft:gravel":18,"minecraft:sand":7,"minecraft:dirt":581,"minecraft:stone_bricks":32,"minecraft:gold_ore":4,"minecraft:oak_leaves":1,"minecraft:deepslate":325,"minecraft:fern":5},"minecraft:crafted":{"minecraft:oak_planks":48,"minecraft:stone_shovel":12,"minecraft:furnace":5,"minecraft:stone_button":8,"minecraft:stone":531,"minecraft:bone_meal":24,"securitycraft:keypad_item":4,"securitycraft:keypad_frame":1,"minecraft:heavy_weighted_pressure_plate":4,"minecraft:cooked_mutton":6,"minecraft:glass_pane":16,"securitycraft:laser_block":1,"minecraft:glass":7,"travelersbackpack:white_sleeping_bag":2,"minecraft:iron_axe":2,"securitycraft:universal_block_remover":1,"minecraft:stone_pickaxe":5,"minecraft:chest":8,"minecraft:iron_door":3,"minecraft:redstone_block":1,"minecraft:chiseled_stone_bricks":1,"minecraft:dark_oak_planks":4,"minecraft:stone_bricks":1,"securitycraft:keypad_door_item":1,"minecraft:cooked_beef":13,"chococraft:straw":2,"minecraft:cooked_porkchop":13,"minecraft:crafting_table":5,"securitycraft:reinforced_stone_button":32,"minecraft:wooden_pickaxe":2,"minecraft:iron_sword":1,"minecraft:birch_pressure_plate":1,"minecraft:bucket":1,"minecraft:birch_planks":895,"minecraft:bread":37,"minecraft:air":0,"minecraft:jungle_planks":24,"minecraft:jungle_door":3,"securitycraft:door_indestructible_iron_item":2,"minecraft:wooden_hoe":2,"minecraft:iron_chestplate":1,"minecraft:stick":68,"minecraft:iron_ingot":80,"minecraft:iron_pickaxe":4,"minecraft:wooden_axe":2,"minecraft:iron_shovel":2,"minecraft:gold_ingot":10,"minecraft:stonecutter":1,"minecraft:white_bed":1,"minecraft:torch":40,"minecraft:birch_stairs":12,"create:zinc_ingot":4,"minecraft:shears":1,"securitycraft:universal_block_reinforcer_lvl1":1},"minecraft:picked_up":{"minecraft:crafting_table":4,"chococraft:loverly_gysahl_green":1,"minecraft:wheat":116,"minecraft:stone_brick_stairs":10,"justenoughdrugz:red_phosphorus":301,"minecraft:string":3,"minecraft:cobbled_deepslate":826,"minecraft:beef":15,"chococraft:straw":2,"justenoughdrugz:weed_seed":1,"minecraft:melon_slice":36,"minecraft:chest":3,"minecraft:birch_sapling":10,"minecraft:furnace":1,"minecraft:egg":7,"minecraft:stick":11,"minecraft:raw_iron":80,"minecraft:jungle_door":5,"minecraft:torch":42,"minecraft:porkchop":13,"minecraft:diorite":8,"born_in_chaos_v1:pieceofdarkmetal":2,"minecraft:carrot":12,"minecraft:redstone":62,"minecraft:iron_horse_armor":1,"minecraft:rotten_flesh":17,"minecraft:arrow":14,"minecraft:saddle":1,"born_in_chaos_v1:spiny_shell":4,"securitycraft:keypad_door_item":1,"minecraft:mutton":14,"minecraft:white_wool":11,"minecraft:cobblestone":726,"minecraft:birch_log":224,"regions_unexplored:peat_dirt":1,"born_in_chaos_v1:corpse_maggot":25,"minecraft:jungle_log":6,"minecraft:leather":7,"minecraft:birch_planks":30,"create:raw_zinc":4,"minecraft:oak_log":13,"securitycraft:keypad_chest":1,"minecraft:gunpowder":6,"minecraft:lapis_lazuli":41,"minecraft:dirt":2003,"minecraft:birch_pressure_plate":2,"minecraft:bone":9,"chococraft:gysahl_green":25,"minecraft:stone_bricks":32,"minecraft:bow":1,"minecraft:wheat_seeds":349,"minecraft:raw_gold":10,"justenoughdrugz:coffee_beans":2,"minecraft:bamboo":12,"minecraft:chiseled_stone_bricks":4,"minecraft:dandelion":2,"minecraft:birch_stairs":7,"justenoughdrugz:unrefined_oil":47,"minecraft:sand":7,"chococraft:gysahl_green_seeds":8,"minecraft:white_bed":2,"securitycraft:reinforced_stone":141,"minecraft:dark_oak_log":1,"travelersbackpack:white_sleeping_bag":2,"minecraft:slime_ball":2,"minecraft:diamond":9,"minecraft:granite":2,"securitycraft:door_indestructible_iron_item":1,"securitycraft:keypad":1,"born_in_chaos_v1:rotten_fish":2,"minecraft:coal":130},"minecraft:used":{"minecraft:iron_shovel":502,"securitycraft:keypad_chest":1,"minecraft:stone_shovel":1444,"minecraft:chest":11,"minecraft:stone":120,"minecraft:iron_sword":57,"securitycraft:keypad_door_item":2,"minecraft:rotten_flesh":2,"minecraft:iron_chestplate":1,"minecraft:torch":62,"minecraft:dirt":675,"minecraft:birch_pressure_plate":2,"securitycraft:keypad_item":2,"minecraft:carrot":27,"born_in_chaos_v1:corpse_maggot":13,"minecraft:wooden_axe":84,"minecraft:lava_bucket":2,"minecraft:iron_axe":366,"minecraft:stone_brick_stairs":54,"minecraft:stone_bricks":324,"chococraft:straw":2,"minecraft:furnace":6,"minecraft:egg":6,"minecraft:cooked_beef":13,"minecraft:cobbled_deepslate":19,"minecraft:wheat_seeds":187,"minecraft:cooked_mutton":6,"minecraft:water_bucket":90,"securitycraft:door_indestructible_iron_item":2,"minecraft:birch_planks":692,"minecraft:stone_pickaxe":655,"regions_unexplored:peat_dirt":1,"minecraft:wooden_pickaxe":118,"securitycraft:keypad_frame":1,"minecraft:stonecutter":1,"minecraft:crafting_table":6,"securitycraft:universal_block_remover":111,"minecraft:white_bed":3,"minecraft:oak_log":1,"minecraft:wooden_hoe":72,"minecraft:melon_slice":7,"minecraft:bread":22,"minecraft:iron_pickaxe":870,"travelersbackpack:white_sleeping_bag":2,"minecraft:chiseled_stone_bricks":20,"minecraft:cobblestone":20,"minecraft:cooked_porkchop":13,"minecraft:jungle_door":5,"minecraft:bucket":94,"chococraft:gysahl_green":11,"minecraft:dandelion":1,"minecraft:bone_meal":24,"minecraft:birch_stairs":19},"minecraft:dropped":{"minecraft:birch_planks":3,"minecraft:crafting_table":2,"minecraft:granite":2,"minecraft:dirt":47,"minecraft:string":4,"justenoughdrugz:red_phosphorus":109,"minecraft:dandelion":1,"minecraft:cobbled_deepslate":775,"minecraft:wheat":1,"minecraft:birch_sapling":1,"justenoughdrugz:weed_seed":1,"minecraft:rotten_flesh":15,"travelersbackpack:white_sleeping_bag":1,"minecraft:arrow":9,"minecraft:stone_brick_stairs":8,"minecraft:egg":1},"minecraft:custom":{"minecraft:mob_kills":79,"minecraft:interact_with_crafting_table":89,"minecraft:open_barrel":27,"minecraft:damage_dealt_resisted":259,"minecraft:leave_game":9,"minecraft:time_since_death":407256,"minecraft:climb_one_cm":9548,"minecraft:sprint_one_cm":853826,"minecraft:walk_one_cm":1428412,"minecraft:drop":55,"minecraft:play_time":520333,"minecraft:sneak_time":2312,"minecraft:deaths":2,"minecraft:walk_under_water_one_cm":29448,"minecraft:jump":4728,"minecraft:walk_on_water_one_cm":58844,"minecraft:total_world_time":520333,"minecraft:interact_with_furnace":210,"minecraft:interact_with_stonecutter":26,"minecraft:sleep_in_bed":31,"minecraft:time_since_rest":9229,"minecraft:damage_taken":4155,"minecraft:damage_dealt":11590,"minecraft:swim_one_cm":4530,"minecraft:fly_one_cm":667348,"minecraft:open_chest":130,"minecraft:crouch_one_cm":5828,"minecraft:fall_one_cm":102754,"minecraft:horse_one_cm":1359116},"minecraft:broken":{"minecraft:iron_shovel":2,"minecraft:wooden_pickaxe":2,"minecraft:stone_pickaxe":5,"minecraft:iron_axe":1,"minecraft:iron_pickaxe":3,"minecraft:wooden_axe":2,"securitycraft:universal_block_reinforcer_lvl1":1,"minecraft:wooden_hoe":1,"minecraft:stone_shovel":10},"minecraft:killed":{"minecraft:spider":1,"born_in_chaos_v1:thornshell_crab":1,"born_in_chaos_v1:maggot":5,"minecraft:skeleton":9,"born_in_chaos_v1:skeleton_thrasher":1,"minecraft:pig":5,"born_in_chaos_v1:swarmer":1,"minecraft:bat":1,"minecraft:creeper":3,"minecraft:sheep":11,"born_in_chaos_v1:bloody_gadfly":1,"minecraft:zombie":12,"born_in_chaos_v1:corpse_fly":17,"born_in_chaos_v1:door_knight":1,"minecraft:cow":6},"minecraft:killed_by":{"born_in_chaos_v1:door_knight":1}},"DataVersion":3465}