{"stats":{"minecraft:killed":{"minecraft:creeper":1,"born_in_chaos_v1:maggot":3,"minecraft:skeleton":3,"minecraft:sheep":4,"minecraft:zombie":2,"born_in_chaos_v1:corpse_fly":4,"born_in_chaos_v1:skeleton_thrasher":1,"born_in_chaos_v1:door_knight":1},"minecraft:custom":{"minecraft:interact_with_furnace":9,"minecraft:mob_kills":21,"minecraft:interact_with_crafting_table":28,"minecraft:leave_game":2,"minecraft:time_since_death":3348,"minecraft:sleep_in_bed":6,"minecraft:time_since_rest":3447,"minecraft:sprint_one_cm":140204,"minecraft:damage_taken":1090,"minecraft:walk_one_cm":278734,"minecraft:drop":12,"minecraft:damage_dealt":3363,"minecraft:fly_one_cm":121511,"minecraft:open_chest":9,"minecraft:crouch_one_cm":697,"minecraft:play_time":116425,"minecraft:deaths":2,"minecraft:sneak_time":215,"minecraft:jump":868,"minecraft:walk_on_water_one_cm":4017,"minecraft:total_world_time":116425,"minecraft:fall_one_cm":18792},"minecraft:picked_up":{"minecraft:birch_log":37,"born_in_chaos_v1:corpse_maggot":9,"minecraft:crafting_table":2,"chococraft:loverly_gysahl_green":1,"minecraft:wheat":3,"minecraft:oak_log":13,"minecraft:gunpowder":2,"minecraft:dirt":1429,"minecraft:bone":5,"chococraft:gysahl_green":25,"minecraft:wheat_seeds":20,"justenoughdrugz:weed_seed":1,"minecraft:birch_sapling":7,"minecraft:stick":6,"minecraft:raw_iron":10,"chococraft:gysahl_green_seeds":8,"minecraft:carrot":11,"minecraft:diorite":3,"minecraft:white_bed":2,"born_in_chaos_v1:pieceofdarkmetal":2,"minecraft:rotten_flesh":11,"minecraft:arrow":4,"minecraft:mutton":6,"minecraft:coal":19,"minecraft:white_wool":4,"minecraft:cobblestone":110},"minecraft:broken":{"minecraft:iron_shovel":2,"minecraft:wooden_axe":2,"minecraft:stone_shovel":6,"minecraft:wooden_pickaxe":1},"minecraft:killed_by":{"born_in_chaos_v1:door_knight":1},"minecraft:crafted":{"minecraft:oak_planks":44,"minecraft:stone_shovel":12,"minecraft:crafting_table":3,"minecraft:wooden_pickaxe":1,"minecraft:furnace":1,"minecraft:bucket":1,"minecraft:birch_planks":148,"minecraft:cooked_mutton":5,"minecraft:air":0,"minecraft:iron_axe":1,"minecraft:stick":48,"minecraft:iron_ingot":10,"minecraft:stone_pickaxe":1,"minecraft:wooden_axe":2,"minecraft:chest":1,"minecraft:iron_shovel":2,"minecraft:white_bed":1,"minecraft:torch":24},"minecraft:dropped":{"justenoughdrugz:weed_seed":1,"minecraft:rotten_flesh":11},"minecraft:mined":{"minecraft:white_bed":2,"minecraft:crafting_table":2,"minecraft:grass_block":967,"minecraft:tall_grass":13,"minecraft:cobblestone":96,"minecraft:diorite":3,"minecraft:carrots":3,"minecraft:birch_log":39,"minecraft:iron_ore":10,"minecraft:wheat":3,"minecraft:grass":23,"chococraft:gysahl_green":9,"minecraft:oak_log":12,"minecraft:coal_ore":19,"minecraft:dirt_path":1,"minecraft:dirt":445,"minecraft:stone":38,"minecraft:oak_leaves":1,"minecraft:fern":1},"minecraft:used":{"minecraft:cooked_mutton":5,"minecraft:wheat_seeds":3,"minecraft:water_bucket":31,"minecraft:iron_shovel":502,"minecraft:stone_shovel":872,"minecraft:stone_pickaxe":107,"minecraft:wooden_pickaxe":59,"minecraft:chest":1,"minecraft:torch":6,"minecraft:dirt":322,"minecraft:crafting_table":4,"minecraft:carrot":20,"minecraft:white_bed":3,"born_in_chaos_v1:corpse_maggot":9,"minecraft:oak_log":1,"minecraft:wooden_axe":84,"minecraft:lava_bucket":2,"minecraft:iron_axe":31,"minecraft:furnace":1,"minecraft:bucket":34}},"DataVersion":3465}