{"stats":{"minecraft:used":{"minecraft:bread":1},"minecraft:picked_up":{"chococraft:gysahl_green_seeds":11,"minecraft:bread":1,"chococraft:gysahl_green":34,"minecraft:wheat_seeds":1,"chococraft:loverly_gysahl_green":2},"minecraft:mined":{"minecraft:tall_grass":10,"minecraft:grass":9,"chococraft:gysahl_green":11},"minecraft:custom":{"minecraft:jump":131,"minecraft:time_since_rest":4850,"minecraft:crouch_one_cm":264,"minecraft:walk_on_water_one_cm":522,"minecraft:sprint_one_cm":27694,"minecraft:play_time":4850,"minecraft:damage_taken":110,"minecraft:time_since_death":4850,"minecraft:walk_one_cm":8834,"minecraft:sneak_time":93,"minecraft:total_world_time":4850,"minecraft:walk_under_water_one_cm":26,"minecraft:fall_one_cm":4230,"minecraft:fly_one_cm":35138}},"DataVersion":3465}